ID,POINT_X,POINT_Y
1,37.639435,55.860373
2,37.804911,55.717548
3,37.606217,55.869329
4,37.611873,55.865627
5,37.613411,55.864558
6,37.779592,55.808077
7,37.720103,55.67985
8,37.350975,55.641241
9,37.419263,55.750454
10,37.482391,55.714579
11,37.474719,55.706744
12,37.776508,55.663646
13,37.834804,55.72441
14,37.62569,55.714479
15,37.626721,55.714332
16,37.67135,55.723389
17,37.509049,55.698245
18,37.688124,55.803762
19,37.82756,55.715998
20,37.728587,55.795602
21,37.507002,55.630804
22,37.830356,55.718465
23,37.581299,55.75119
24,37.52689,55.685056
25,37.474219,55.778676
26,37.477438,55.78058
27,37.451586,55.784982
28,37.453283,55.785199
29,37.457266,55.780272
30,37.457623,55.785694
31,37.471786,55.769618
32,37.463004,55.77515
33,37.580536,55.741919
34,37.597936,55.74401
35,37.178956,55.995564
36,37.182054,55.980081
37,37.190778,55.976398
38,37.603332,55.741525
39,37.632215,55.803672
40,37.633271,55.803998
41,37.491549,55.622449
42,37.574192,55.684899
43,37.539295,55.680074
44,37.381342,55.839739
45,37.388657,55.841565
46,37.592257,55.786915
47,37.505007,55.672167
48,37.399572,55.646767
49,37.359653,55.836099
50,37.449346,55.845402
51,37.450704,55.846031
52,37.456187,55.846654
53,37.654054,55.868199
54,37.750711,55.662993
55,37.751241,55.665443
56,37.642182,55.852872
57,37.754603,55.65117
58,37.576927,55.78921
59,37.610008,55.786661
60,37.552777,55.906675
61,37.529302,55.822928
62,37.690459,55.852786
63,37.659254,55.646582
64,37.597088,55.619924
65,37.601139,55.617914
66,37.494518,55.849902
67,37.43714,55.739648
68,37.428899,55.745363
69,37.430137,55.744966
70,37.497294,55.859659
71,37.414652,55.764904
72,37.92317,55.688164
73,37.371638,55.641567
74,37.816312,55.709001
75,37.823299,55.695092
76,37.766758,55.711657
77,37.728366,55.610787
78,37.495755,55.534522
79,37.860524,55.733219
80,37.504292,55.821397
81,37.579678,55.691641
82,37.579726,55.691
83,37.593372,55.692118
84,37.662884,55.707598
85,37.663861,55.708116
86,37.345754,55.855403
87,37.345821,55.854661
88,37.346736,55.856738
89,37.709005,55.807256
90,37.838039,55.762339
91,37.634879,55.803707
92,37.635144,55.802929
93,37.642074,55.810397
94,37.810513,55.807501
95,37.82785,55.804892
96,37.833479,55.802589
97,37.616216,55.895605
98,37.795689,55.793866
99,37.802662,55.792062
100,37.720004,55.690865
101,37.757115,55.673812
102,37.543757,55.692293
103,37.608288,55.722467
104,37.617754,55.736925
105,37.222124,55.994292
106,37.230033,55.998625
107,37.231727,55.998123
108,37.255401,55.989999
109,37.483937,55.780362
110,37.54374,55.601957
111,37.354046,55.83216
112,37.360511,55.830274
113,37.642875,55.87454
114,37.441841,55.862819
115,37.44525,55.862017
116,37.446775,55.857583
117,37.597183,55.779798
118,37.513556,55.709343
119,37.540485,55.864313
120,37.829253,55.818685
121,37.829541,55.824675
122,37.697635,55.63981
123,37.594355,55.629592
124,37.59522,55.63149
125,37.614363,55.713445
126,37.616607,55.718614
127,37.653728,55.668738
128,37.654025,55.665664
129,37.657402,55.672613
130,37.719088,55.874383
131,37.796661,55.806174
132,37.553359,55.880986
133,37.703448,55.763365
134,37.587545,55.865836
135,37.702347,55.623761
136,37.717174,55.601996
137,37.738183,55.602586
138,37.895525,55.71333
139,37.793137,55.793755
140,37.674741,55.782551
141,37.685399,55.786001
142,37.767692,55.803259
143,37.786341,55.805667
144,37.500521,55.805758
145,37.413764,55.652634
146,37.397964,55.719513
147,37.500362,55.69076
148,37.658285,55.817286
149,37.662647,55.818178
150,37.651042,55.889751
151,37.401533,55.80674
152,37.410689,55.809379
153,37.412406,55.807634
154,37.406464,55.812188
155,37.604665,55.760834
156,37.482165,55.772831
157,37.620987,55.602584
158,37.668262,55.681957
159,37.669167,55.682492
160,37.683637,55.788006
161,37.684761,55.793388
162,37.746598,55.619719
163,37.523368,55.741435
164,37.738816,55.617254
165,37.747851,55.623705
166,37.76794,55.635519
167,37.461107,55.716544
168,37.872591,55.741812
169,37.555452,55.875192
170,37.831778,55.816787
171,37.598087,55.737266
172,37.556414,55.698002
173,37.679171,55.751868
174,37.830349,55.760506
175,37.652208,55.648279
176,37.681319,55.676895
177,37.670232,55.784935
178,37.562034,55.73091
179,37.564869,55.726086
180,37.7769,55.662154
181,37.649058,55.720986
182,37.531872,55.804837
183,37.612885,55.642603
184,37.613038,55.641641
185,37.663418,55.752608
186,37.655131,55.768475
187,37.695661,55.779014
188,37.559719,55.782406
189,37.595734,55.787712
190,37.786712,55.76233
191,37.801192,55.756024
192,37.572385,55.649944
193,37.530593,55.874047
194,37.505131,55.797599
195,37.485594,55.653627
196,37.408218,55.642369
197,37.528371,55.686236
198,37.827946,55.71907
199,37.504455,55.672814
200,37.511264,55.8197
201,37.638663,55.853008
202,37.567573,55.866679
203,37.811775,55.705369
204,37.810743,55.806205
205,37.632508,55.769095
206,37.633649,55.764733
207,37.532761,55.896528
208,37.401337,55.646224
209,37.415939,55.71633
210,37.501793,55.855444
211,37.508309,55.799792
212,37.486314,55.794652
213,37.488587,55.797269
214,37.490867,55.801333
215,37.498274,55.791593
216,37.81478,55.808384
217,37.815406,55.803905
218,37.567689,55.870178
219,37.422032,55.732322
220,37.840538,55.698704
221,37.570382,55.661684
222,37.401723,55.814437
223,37.523113,55.859224
224,37.71931,55.744669
225,37.519157,55.678878
226,37.537085,55.60072
227,37.769802,55.655712
228,37.771399,55.654443
229,37.521086,55.545194
230,37.720539,55.693009
231,37.571144,55.897029
232,37.629972,55.777576
233,37.550088,55.606317
234,37.485407,55.684693
235,37.642717,55.837093
236,37.820941,55.809096
237,37.397383,55.708484
238,37.397695,55.709019
239,37.836609,55.734801
240,37.677591,55.734235
241,37.481649,55.628534
242,37.592257,55.738798
243,37.571469,55.669309
244,37.576591,55.651811
245,37.581644,55.661296
246,37.414117,55.736388
247,37.61361,55.871809
248,37.414125,55.737058
249,37.420337,55.740165
250,37.485889,55.848042
251,37.455522,55.725771
252,37.460896,55.66946
253,37.43142,55.860564
254,37.832804,55.74102
255,37.737011,55.608315
256,37.738542,55.607927
257,37.617062,55.605145
258,37.723924,55.613654
259,37.72611,55.616283
260,37.457426,55.800398
261,37.537704,55.689229
262,37.390575,55.657826
263,37.409109,55.645829
264,37.413404,55.64845
265,37.402261,55.653007
266,37.452287,55.80724
267,37.398732,55.649009
268,37.478753,55.770905
269,37.485568,55.774334
270,37.492608,55.77064
271,37.363526,55.639366
272,37.34351,55.636599
273,37.585919,55.691978
274,37.863513,55.819916
275,37.730967,55.795609
276,37.756988,55.632676
277,37.759255,55.631572
278,37.618355,55.877574
279,37.768899,55.671468
280,37.564412,55.684197
281,37.737486,55.643823
282,37.748498,55.647029
283,37.75695,55.648067
284,37.71355,55.651071
285,37.177826,55.998443
286,37.566767,55.904003
287,37.444353,55.848281
288,37.627603,55.726041
289,37.36302,55.841687
290,37.828032,55.82451
291,37.808288,55.818845
292,37.516907,55.598105
293,37.711363,55.877297
294,37.698427,55.866445
295,37.657266,55.866114
296,37.659334,55.853709
297,37.539442,55.688224
298,37.532271,55.663146
299,37.477567,55.633421
300,37.542278,55.607239
301,37.52286,55.62832
302,37.52331,55.63078
303,37.523582,55.626565
304,37.55419,55.60588
305,37.503022,55.862459
306,37.484306,55.764558
307,37.491362,55.7646
308,37.454659,55.674151
309,37.511696,55.720742
310,37.560906,55.886035
311,37.491729,55.883227
312,37.492465,55.882516
313,37.516519,55.637748
314,37.417737,55.751119
315,37.714999,55.877726
316,37.437777,55.84859
317,37.747264,55.616781
318,37.345821,55.854661
319,37.575923,55.904643
320,37.68523,55.793127
321,37.637364,55.75233
322,37.541594,55.875476
323,37.85052,55.739056
324,37.371615,55.642629
325,37.874114,55.741628
326,37.553789,55.544797
327,37.722899,55.815447
328,37.82382,55.777902
329,37.405432,55.71274
330,37.812644,55.78971
331,37.798085,55.639485
332,37.562628,55.655252
333,37.619252,55.696992
334,37.770136,55.746131
335,37.493502,55.61771
336,37.644525,55.758635
337,37.403636,55.652997
338,37.409162,55.657666
339,37.362237,55.640052
340,37.517706,55.599246
341,37.869781,55.743952
342,37.827389,55.73315
343,37.519305,55.651052
344,37.681241,55.684217
345,37.412784,55.853049
346,37.540808,55.594084
347,37.818367,55.81329
348,37.540484,55.59236
349,37.497313,55.689105
350,37.718832,55.643584
351,37.735912,55.650713
352,37.736159,55.644147
353,37.160932,55.985896
354,37.153387,55.975569
355,37.154985,55.986367
356,37.15552,55.987268
357,37.400749,55.797087
358,37.581618,55.543467
359,37.817683,55.828058
360,37.594784,55.61683
361,37.602442,55.615563
362,37.575717,55.563566
363,37.592731,55.501843
364,37.608969,55.638214
365,37.522878,55.678122
366,37.364907,55.84731
367,37.357524,55.850987
368,37.153703,55.979912
369,37.53295,55.730826
370,37.550615,55.687741
371,37.551669,55.688348
372,37.54904,55.669956
373,37.517208,55.606738
374,37.590645,55.774538
375,37.789087,55.712952
376,37.821053,55.828027
377,37.626074,55.743102
378,37.587762,55.768305
379,37.464521,55.781287
380,37.466423,55.782289
381,37.467193,55.780813
382,37.593082,55.89136
383,37.465808,55.662225
384,37.411455,55.721024
385,37.811057,55.703739
386,37.814898,55.700983
387,37.767482,55.663702
388,37.686629,55.778903
389,37.344769,55.849027
390,37.350015,55.846125
391,37.756022,55.656955
392,37.52924,55.778221
393,37.358659,55.850188
394,37.506151,55.539997
395,37.507804,55.540458
396,37.749299,55.6534
397,37.559724,55.652235
398,37.535131,55.800892
399,37.465177,55.873455
400,37.574473,55.784764
401,37.542287,55.599655
402,37.468499,55.868226
403,37.481656,55.77869
404,37.496001,55.779656
405,37.61404,55.624974
406,37.613663,55.627654
407,37.65178,55.632277
408,37.473201,55.856166
409,37.47913,55.860434
410,37.813967,55.827956
411,37.178803,55.985862
412,37.176544,55.987322
413,37.532198,55.636499
414,37.575177,55.71938
415,37.579482,55.72221
416,37.774557,55.665374
417,37.444153,55.856159
418,37.518233,55.738729
419,37.544956,55.745097
420,37.855112,55.697168
421,37.153679,55.981012
422,37.156783,55.979379
423,37.156643,55.981902
424,37.455531,55.666593
425,37.382304,55.839304
426,37.352305,55.846258
427,37.538631,55.59279
428,37.6102,55.889761
429,37.537906,55.895488
430,37.63487,55.782259
431,37.642599,55.780064
432,37.535608,55.836845
433,37.546115,55.684024
434,37.463444,55.803181
435,37.467606,55.805348
436,37.471457,55.802518
437,37.547163,55.549496
438,37.556594,55.676168
439,37.750493,55.655079
440,37.747415,55.649808
441,37.860302,55.682577
442,37.849793,55.689193
443,37.862304,55.686497
444,37.568387,55.678202
445,37.165313,55.982141
446,37.155234,55.972499
447,37.544107,55.542784
448,37.574868,55.706774
449,37.846778,55.687387
450,37.743405,55.635384
451,37.563846,55.669386
452,37.53278,55.534549
453,37.855391,55.680497
454,37.814686,55.699735
455,37.159238,55.97519
456,37.349139,55.828354
457,37.58465,55.570399
458,37.514595,55.530653
459,37.610452,55.80306
460,37.745381,55.660191
461,37.757702,55.666565
462,37.586364,55.685945
463,37.540042,55.538477
464,37.529631,55.539038
465,37.519554,55.544873
466,37.621875,55.735652
467,37.583722,55.706547
468,37.528811,55.532462
469,37.530068,55.549346
470,37.391957,55.887157
471,37.760564,55.669351
472,37.77571,55.659744
473,37.776277,55.660571
474,37.565868,55.692333
475,37.571564,55.690156
476,37.537547,55.550257
477,37.49828,55.64618
478,37.796868,55.631656
479,37.515137,55.64235
480,37.526944,55.601647
481,37.66,55.642234
482,37.660141,55.641063
483,37.661159,55.641741
484,37.639771,55.591376
485,37.63987,55.590263
486,37.395543,55.894208
487,37.397645,55.894462
488,37.562591,55.54896
489,37.519303,55.540703
490,37.789593,55.667751
491,37.777998,55.666878
492,37.539772,55.637133
493,37.717826,55.636211
494,37.491682,55.870003
495,37.883665,55.717574
496,37.555797,55.760036
497,37.890878,55.71011
498,37.884795,55.709869
499,37.90691,55.720857
500,37.887088,55.71034
501,37.165773,55.973083
502,37.542795,55.926793
503,37.578833,55.503195
504,37.59656,55.502321
505,37.919046,55.705776
506,37.625344,55.768784
507,37.626019,55.772429
508,37.626976,55.772365
509,37.536447,55.758948
510,37.540257,55.759718
511,37.681129,55.703844
512,37.682852,55.700224
513,37.560321,55.812696
514,37.55682,55.862997
515,37.541826,55.84181
516,37.519834,55.816777
517,37.526989,55.836174
518,37.581858,55.900672
519,37.576399,55.786417
520,37.559847,55.798126
521,37.562151,55.881771
522,37.484362,55.837815
523,37.490868,55.839032
524,37.548266,55.805926
525,37.596998,55.785158
526,37.16876,55.979512
527,37.582656,55.823515
528,37.566216,55.862679
529,37.651121,55.874627
530,37.630125,55.787539
531,37.522942,55.884233
532,37.612204,55.795916
533,37.590388,55.901656
534,37.542109,55.871702
535,37.612585,55.891093
536,37.654691,55.852113
537,37.593917,55.894307
538,37.548891,55.695269
539,37.5868,55.81769
540,37.514066,55.879122
541,37.594193,55.815133
542,37.595963,55.89653
543,37.598666,55.894421
544,37.603845,55.892989
545,37.605735,55.894785
546,37.610022,55.865441
547,37.60056,55.795426
548,37.545005,55.691576
549,37.550352,55.694413
550,37.48004,55.73503
551,37.464702,55.732352
552,37.609648,55.872123
553,37.815758,55.796135
554,37.667425,55.885579
555,37.65286,55.821751
556,37.640289,55.817719
557,37.668363,55.859364
558,37.676626,55.860757
559,37.67093,55.889394
560,37.623911,55.876686
561,37.630078,55.876027
562,37.657287,55.890472
563,37.591467,55.831196
564,37.635908,55.850781
565,37.680577,55.872598
566,37.660516,55.868407
567,37.557692,55.665051
568,37.590816,55.883211
569,37.579336,55.880133
570,37.580016,55.875439
571,37.642691,55.875131
572,37.641928,55.807066
573,37.66271,55.874365
574,37.821136,55.81893
575,37.759787,55.806644
576,37.794435,55.821087
577,37.775638,55.708399
578,37.790227,55.72346
579,37.792975,55.718829
580,37.65558,55.760505
581,37.625184,55.895394
582,37.75823,55.698716
583,37.760389,55.704044
584,37.753892,55.68432
585,37.757081,55.709593
586,37.741288,55.674993
587,37.770975,55.707234
588,37.577325,55.740379
589,37.801055,55.808806
590,37.815581,55.799952
591,37.663801,55.83169
592,37.668105,55.769138
593,37.677963,55.769389
594,37.822136,55.808025
595,37.669742,55.789958
596,37.502495,55.702853
597,37.503847,55.703281
598,37.757135,55.828905
599,37.808126,55.813028
600,37.727595,55.80368
601,37.826527,55.775884
602,37.49003,55.696974
603,37.711088,55.815792
604,37.404436,55.738482
605,37.760614,55.67741
606,37.570968,55.682217
607,37.835535,55.773183
608,37.790635,55.801758
609,37.811632,55.724008
610,37.819334,55.746367
611,37.689768,55.757425
612,37.678408,55.753433
613,37.701022,55.757412
614,37.796319,55.799659
615,37.708009,55.763568
616,37.711138,55.762643
617,37.490009,55.871915
618,37.719905,55.624709
619,37.724202,55.622591
620,37.789415,55.812344
621,37.920799,55.684601
622,37.707151,55.773755
623,37.805194,55.711579
624,37.806399,55.713015
625,37.72423,55.616436
626,37.741344,55.739022
627,37.745523,55.731246
628,37.745896,55.735068
629,37.781413,55.763347
630,37.781189,55.793549
631,37.792456,56.003395
632,37.560259,55.723941
633,37.786589,55.754023
634,37.769799,55.672296
635,37.769059,55.702636
636,37.671396,55.728999
637,37.770913,55.713073
638,37.666184,55.729366
639,37.736187,55.69483
640,37.741024,55.713916
641,37.772799,55.697168
642,37.68464,55.735309
643,37.720021,55.73238
644,37.742154,55.7061
645,37.675301,55.707828
646,37.736839,55.717598
647,37.534049,55.643653
648,37.535585,55.645685
649,37.687362,55.680845
650,37.687656,55.68215
651,37.699503,55.657485
652,37.655682,55.704761
653,37.660093,55.701523
654,37.661738,55.721559
655,37.713227,55.652079
656,37.652045,55.737766
657,37.72048,55.643605
658,37.606018,55.66041
659,37.655609,55.600323
660,37.672197,55.706506
661,37.701391,55.610091
662,37.663499,55.646114
663,37.597091,55.660208
664,37.595506,55.667765
665,37.59848,55.685026
666,37.58868,55.689505
667,37.584042,55.646269
668,37.688807,55.879576
669,37.540908,55.681283
670,37.580237,55.656997
671,37.734118,55.623844
672,37.737594,55.62837
673,37.599704,55.649571
674,37.595364,55.643868
675,37.576893,55.652307
676,37.601734,55.675341
677,37.714892,55.606883
678,37.719717,55.596199
679,37.619836,55.709072
680,37.640041,55.709307
681,37.601432,55.60335
682,37.59436,55.634487
683,37.596325,55.63506
684,37.623539,55.724196
685,37.58492,55.620809
686,37.585434,55.617168
687,37.549365,55.746667
688,37.595964,55.675395
689,37.769423,55.678796
690,37.770412,55.680186
691,37.771566,55.678896
692,37.730138,55.605612
693,37.562045,55.680573
694,37.718683,55.598962
695,37.427007,55.724508
696,37.428773,55.721672
697,37.59072,55.732733
698,37.394167,55.718247
699,37.595568,55.74697
700,37.567907,55.747581
701,37.507913,55.854828
702,37.489713,55.866225
703,37.467263,55.658694
704,37.174975,55.987534
705,37.200687,56.002789
706,37.220994,55.997956
707,37.419794,55.71726
708,37.648683,55.763121
709,37.205608,55.993565
710,37.207675,55.993962
711,37.785966,55.705184
712,37.787384,55.705517
713,37.590078,55.67177
714,37.608339,55.668541
715,37.594783,55.587714
716,37.59644,55.591677
717,37.412784,55.756143
718,37.691506,55.760598
719,37.82739,55.754457
720,37.82766,55.742514
721,37.785321,55.797647
722,37.737818,55.7633
723,37.414445,55.722811
724,37.738525,55.797
725,37.507641,55.853615
726,37.581146,55.610638
727,37.619653,55.605693
728,37.578974,55.656084
729,37.534149,55.867423
730,37.520674,55.874507
731,37.866326,55.820125
732,37.645248,55.577834
733,37.654442,55.577209
734,37.533671,55.838663
735,37.426244,55.852604
736,37.430219,55.852508
737,37.430316,55.855632
738,37.775682,55.758919
739,37.524494,55.889523
740,37.741,55.701239
741,37.54693,55.614376
742,37.576165,55.805957
743,37.558661,55.785371
744,37.398362,55.801907
745,37.394454,55.802476
746,37.773685,55.797088
747,37.556371,55.93537
748,37.477619,55.741705
749,37.41192,55.76233
750,37.408286,55.723063
751,37.504837,55.81746
752,37.193119,55.993136
753,37.498555,55.747623
754,37.510283,55.862226
755,37.506948,55.81801
756,37.516615,55.846849
757,37.607553,55.629781
758,37.467339,55.732831
759,37.427398,55.736784
760,37.711706,55.767494
761,37.504309,55.752147
762,37.505745,55.795964
763,37.523246,55.727744
764,37.527094,55.828808
765,37.49108,55.829143
766,37.490999,55.819836
767,37.410639,55.730784
768,37.695939,55.864793
769,37.696952,55.884391
770,37.698788,55.884174
771,37.688281,55.851394
772,37.66413,55.891295
773,37.619222,55.8884
774,37.658881,55.890695
775,37.669726,55.870537
776,37.590245,55.899478
777,37.720256,55.880997
778,37.589072,55.872905
779,37.596352,55.868799
780,37.696561,55.876099
781,37.694084,55.8843
782,37.530062,55.610475
783,37.814857,55.815034
784,37.438655,55.859996
785,37.729363,55.688169
786,37.75336,55.675349
787,37.792803,55.709199
788,37.792511,55.714414
789,37.76529,55.730175
790,37.768727,55.725269
791,37.770059,55.728611
792,37.787241,55.700252
793,37.543394,55.677016
794,37.541764,55.608081
795,37.803433,55.750591
796,37.810674,55.746502
797,37.513286,55.606932
798,37.528697,55.603806
799,37.547132,55.641893
800,37.536852,55.647321
801,37.74238,55.67846
802,37.732021,55.648623
803,37.568882,55.551712
804,37.574191,55.797254
805,37.490598,55.651639
806,37.470155,55.805132
807,37.520477,55.60724
808,37.687431,55.771022
809,37.669738,55.784374
810,37.597882,55.762033
811,37.588253,55.779675
812,37.573609,55.842221
813,37.663601,55.780991
814,37.688763,55.689763
815,37.523739,55.647353
816,37.571447,55.569605
817,37.568026,55.570267
818,37.555895,55.873801
819,37.761962,55.650695
820,37.85165,55.736252
821,37.349302,55.646655
822,37.732343,55.78198
823,37.518507,55.535751
824,37.563249,55.549834
825,37.509479,55.537165
826,37.60825,55.652084
827,37.446002,55.677486
828,37.493327,55.870822
829,37.894915,55.720897
830,37.554394,55.874915
831,37.517773,55.759484
832,37.523755,55.751075
833,37.563204,55.541869
834,37.573873,55.797988
835,37.560575,55.808666
836,37.555324,55.698627
837,37.614158,55.857163
838,37.561669,55.868483
839,37.648108,55.883883
840,37.581798,55.845283
841,37.642714,55.773558
842,37.633718,55.818607
843,37.643834,55.763613
844,37.792382,55.814816
845,37.492798,55.672754
846,37.494016,55.67631
847,37.776908,55.803186
848,37.728622,55.813647
849,37.728624,55.817358
850,37.697064,55.816387
851,37.696627,55.794892
852,37.720354,55.809501
853,37.440425,55.715802
854,37.716885,55.801866
855,37.685878,55.739746
856,37.837974,55.757056
857,37.804404,55.75399
858,37.837933,55.755381
859,37.703723,55.745139
860,37.707711,55.617216
861,37.796984,55.758628
862,37.731902,55.762914
863,37.676847,55.745193
864,37.671854,55.679301
865,37.482566,55.644254
866,37.614046,55.651014
867,37.63719,55.743654
868,37.597145,55.682205
869,37.629703,55.735122
870,37.569918,55.723967
871,37.608277,55.650244
872,37.626743,55.728101
873,37.603633,55.693296
874,37.4958,55.740442
875,37.541739,55.803897
876,37.523988,55.824878
877,37.788295,55.807604
878,37.595393,55.713641
879,37.546786,55.742973
880,37.782041,55.749798
881,37.515853,55.807802
882,37.733256,55.768574
883,37.779514,55.788753
884,37.502149,55.739001
885,37.186113,55.984459
886,37.811868,55.791717
887,37.361714,55.78705
888,37.721254,55.747223
889,37.801584,55.795411
890,37.528232,55.736753
891,37.819473,55.736822
892,37.762567,55.741356
893,37.460409,55.720097
894,37.552761,55.606081
895,37.825452,55.768966
896,37.423474,55.732323
897,37.427231,55.729155
898,37.404934,55.717353
899,37.410482,55.74235
900,37.399562,55.711761
901,37.456118,55.839551
902,37.413356,55.855038
903,37.454693,55.827062
904,37.459607,55.83305
905,37.820108,55.697855
906,37.653435,55.626046
907,37.735437,55.717322
908,37.210967,56.006382
909,37.211777,56.005962
910,37.458042,55.671079
911,37.456995,55.683832
912,37.727064,55.680343
913,37.539786,55.875536
914,37.606589,55.628015
915,37.186148,55.99696
916,37.171232,55.993022
917,37.190386,55.985213
918,37.19232,55.985065
919,37.228357,55.991664
920,37.233565,55.991228
921,37.402637,55.807407
922,37.397706,55.807431
923,37.533548,55.600264
924,37.534406,55.63432
925,37.528661,55.610184
926,37.503925,55.627005
927,37.755753,55.63721
928,37.56814,55.756547
929,37.662795,55.621488
930,37.663414,55.624264
931,37.491445,55.664361
932,37.69785,55.613871
933,37.58872,55.609672
934,37.72942,55.606979
935,37.439682,55.732132
936,37.443985,55.724762
937,37.394703,55.810436
938,37.829478,55.721104
939,37.81848,55.697445
940,37.787668,55.713457
941,37.523984,55.663132
942,37.524951,55.663587
943,37.611254,55.600497
944,37.614625,55.599982
945,37.666152,55.596236
946,37.665554,55.633506
947,37.829177,55.769936
948,37.183629,55.978304
949,37.190846,55.977107
950,37.670866,55.866433
951,37.778266,55.727502
952,37.809722,55.674422
953,37.464104,55.705724
954,37.778904,55.810849
955,37.722442,55.670273
956,37.455851,55.793035
957,37.778294,55.746936
958,37.605075,55.591448
959,37.605657,55.592171
960,37.567427,55.824062
961,37.509355,55.632912
962,37.584326,55.601543
963,37.585595,55.59932
964,37.64942,55.583446
965,37.651436,55.582001
966,37.689055,55.581425
967,37.699312,55.619051
968,37.701209,55.619286
969,37.673138,55.584389
970,37.667148,55.575099
971,37.674542,55.58477
972,37.677182,55.582619
973,37.688669,55.583199
974,37.751868,55.608969
975,37.753896,55.609057
976,37.604983,55.86027
977,37.676996,55.891829
978,37.596334,55.863526
979,37.635706,55.895207
980,37.642589,55.867713
981,37.608692,55.868788
982,37.569543,55.767522
983,37.607918,55.888292
984,37.593662,55.881314
985,37.592453,55.861527
986,37.592867,55.85975
987,37.575163,55.824946
988,37.616216,55.897285
989,37.652353,55.878943
990,37.585415,55.82594
991,37.619508,55.865371
992,37.74559,55.60295
993,37.46264,55.736338
994,37.674764,55.640823
995,37.682056,55.634713
996,37.466391,55.723956
997,37.467578,55.721364
998,37.754267,55.636802
999,37.75397,55.820145
1000,37.421404,55.847503
1001,37.430085,55.847054
1002,37.553088,55.544198
1003,37.375145,55.841547
1004,37.764713,55.660071
1005,37.559798,55.745169
1006,37.36139,55.8569
1007,37.152296,55.98781
1008,37.154973,55.975196
1009,37.170351,55.973372
1010,37.916293,55.701061
1011,37.918681,55.701865
1012,37.792227,55.746448
1013,37.792691,55.7476
1014,37.677712,55.770752
1015,37.202258,55.995714
1016,37.635182,55.724449
1017,37.636344,55.73291
1018,37.73985,55.697606
1019,37.744656,55.701004
1020,37.749761,55.695601
1021,37.398209,55.81602
1022,37.525514,55.799279
1023,37.806249,55.724448
1024,37.401183,55.84534
1025,37.403672,55.839286
1026,37.409622,55.848833
1027,37.752986,55.827205
1028,37.826951,55.763148
1029,37.827546,55.759877
1030,37.456236,55.712019
1031,37.457294,55.695536
1032,37.631563,55.67665
1033,37.643995,55.681651
1034,37.754972,55.656555
1035,37.62148,55.744201
1036,37.473321,55.673453
1037,37.683104,55.884922
1038,37.584438,55.766383
1039,37.65989,55.818718
1040,37.691684,55.772871
1041,37.533391,55.615197
1042,37.548607,55.612259
1043,37.771195,55.707763
1044,37.565474,55.844039
1045,37.514593,55.714203
1046,37.514062,55.878588
1047,37.514345,55.876728
1048,37.679366,55.750401
1049,37.562166,55.750551
1050,37.585423,55.756147
1051,37.590082,55.753471
1052,37.345594,55.645191
1053,37.761216,55.829164
1054,37.485066,55.829542
1055,37.727652,55.68184
1056,37.620567,55.730488
1057,37.528167,55.674182
1058,37.528928,55.674799
1059,37.577913,55.70477
1060,37.806382,55.807282
1061,37.664809,55.743927
1062,37.522547,55.629243
1063,37.579021,55.675237
1064,37.418273,55.833736
1065,37.420143,55.832783
1066,37.448646,55.833823
1067,37.520631,55.796449
1068,37.546632,55.801207
1069,37.481081,55.845994
1070,37.492172,55.869442
1071,37.804043,55.813322
1072,37.202624,55.995094
1073,37.203517,55.994117
1074,37.563853,55.54812
1075,37.581358,55.56718
1076,37.76347,55.659817
1077,37.84501,55.701608
1078,37.534046,55.672118
1079,37.537099,55.674664
1080,37.595697,55.884181
1081,37.41366,55.762398
1082,37.703759,55.868907
1083,37.654406,55.679151
1084,37.656738,55.68133
1085,37.548476,55.915076
1086,37.691592,55.873086
1087,37.566444,55.857818
1088,37.825406,55.742801
1089,37.601356,55.866766
1090,37.617583,55.896974
1091,37.61588,55.789187
1092,37.624875,55.824633
1093,37.581233,55.895216
1094,37.581348,55.893443
1095,37.349562,55.842323
1096,37.817842,55.822171
1097,37.819877,55.822132
1098,37.341141,55.648703
1099,37.691032,55.879917
1100,37.705128,55.605515
1101,37.709243,55.605632
1102,37.713202,55.601045
1103,37.593737,55.599615
1104,37.595255,55.599288
1105,37.637244,55.787527
1106,37.637636,55.789427
1107,37.643111,55.781713
1108,37.563886,55.760111
1109,37.631952,55.785155
1110,37.589009,55.749843
1111,37.538792,55.743163
1112,37.582331,55.817525
1113,37.592537,55.734866
1114,37.537393,55.887324
1115,37.410482,55.74289
1116,37.554385,55.676918
1117,37.641718,55.584671
1118,37.643253,55.58349
1119,37.639775,55.739686
1120,37.542167,55.773675
1121,37.551767,55.775982
1122,37.396557,55.796965
1123,37.409021,55.799202
1124,37.382438,55.900115
1125,37.415528,55.807735
1126,37.419311,55.806841
1127,37.382573,55.90429
1128,37.409943,55.858844
1129,37.601655,55.89096
1130,37.361244,55.841627
1131,37.707378,55.798155
1132,37.713114,55.791956
1133,37.469634,55.653299
1134,37.502768,55.533552
1135,37.641534,55.874333
1136,37.496441,55.810053
1137,37.823443,55.706682
1138,37.702033,55.812656
1139,37.523887,55.683312
1140,37.487135,55.799167
1141,37.786249,55.755067
1142,37.648903,55.742192
1143,37.715046,55.811758
1144,37.706352,55.732845
1145,37.601339,55.765347
1146,37.52255,55.531981
1147,37.551041,55.6738
1148,37.62668,55.66
1149,37.823781,55.707824
1150,37.926376,55.682485
1151,37.742441,55.712092
1152,37.752156,55.714702
1153,37.725353,55.79245
1154,37.672988,55.627863
1155,37.674107,55.629023
1156,37.676228,55.630872
1157,37.595871,55.609892
1158,37.59752,55.608514
1159,37.670609,55.872439
1160,37.651673,55.758959
1161,37.473692,55.725532
1162,37.506872,55.794174
1163,37.423976,55.854912
1164,37.426979,55.857048
1165,37.715857,55.817681
1166,37.72353,55.814577
1167,37.72358,55.780613
1168,37.738329,55.780134
1169,37.622051,55.865538
1170,37.62329,55.86446
1171,37.670281,55.704151
1172,37.577805,55.540526
1173,37.852625,55.71343
1174,37.612074,55.653808
1175,37.493259,55.81745
1176,37.649281,55.764968
1177,37.547978,55.615021
1178,37.653289,55.621235
1179,37.665794,55.59358
1180,37.763991,55.639539
1181,37.762478,55.639209
1182,37.766236,55.640159
1183,37.751076,55.686548
1184,37.642249,55.880273
1185,37.514085,55.778896
1186,37.863483,55.737617
1187,37.721859,55.68905
1188,37.476475,55.786788
1189,37.529723,55.686974
1190,37.577894,55.772604
1191,37.774774,55.700624
1192,37.531423,55.784266
1193,37.793531,55.671694
1194,37.563283,55.876182
1195,37.566166,55.872711
1196,37.753109,55.713492
1197,37.728913,55.689566
1198,37.544895,55.796015
1199,37.670275,55.591289
1200,37.57798,55.900649
1201,37.341367,55.642621
1202,37.380609,55.63428
1203,37.336993,55.639877
1204,37.46787,55.70481
1205,37.847861,55.683927
1206,37.70414,55.879152
1207,37.570176,55.894893
1208,37.612194,55.658691
1209,37.612809,55.657867
1210,37.569136,55.813242
1211,37.366901,55.650978
1212,37.849331,55.700341
1213,37.851274,55.691562
1214,37.655214,55.813175
1215,37.347582,55.639118
1216,37.754103,55.702201
1217,37.644294,55.813873
1218,37.490563,55.871343
1219,37.822719,55.815688
1220,37.831504,55.777024
1221,37.665993,55.764902
1222,37.671064,55.767071
1223,37.519174,55.874432
1224,37.635329,55.867096
1225,37.483574,55.653386
1226,37.5656,55.869412
1227,37.509096,55.666952
1228,37.554359,55.903542
1229,37.590319,55.864892
1230,37.59201,55.827743
1231,37.600276,55.824112
1232,37.660693,55.835661
1233,37.586731,55.573951
1234,37.587822,55.573685
1235,37.539944,55.892424
1236,37.688002,55.768896
1237,37.706102,55.779008
1238,37.583945,55.903556
1239,37.555476,55.881466
1240,37.560768,55.891563
1241,37.611707,55.898723
1242,37.544506,55.612728
1243,37.550919,55.613153
1244,37.524989,55.650024
1245,37.600456,55.769329
1246,37.918341,55.684378
1247,37.531441,55.809809
1248,37.779212,55.755991
1249,37.671658,55.577386
1250,37.680195,55.578116
1251,37.513332,55.783805
1252,37.746043,55.668601
1253,37.735698,55.65176
1254,37.529526,55.86729
1255,37.852773,55.735473
1256,37.862944,55.736492
1257,37.559056,55.664636
1258,37.584021,55.663968
1259,37.582205,55.566116
1260,37.74821,55.667344
1261,37.764247,55.672541
1262,37.575291,55.812206
1263,37.6724,55.772843
1264,37.759388,55.742898
1265,37.762698,55.742622
1266,37.725024,55.775576
1267,37.718279,55.648808
1268,37.721716,55.649102
1269,37.646289,55.743663
1270,37.591433,55.599983
1271,37.590292,55.598762
1272,37.599081,55.581178
1273,37.621491,55.663948
1274,37.626958,55.667743
1275,37.569245,55.72048
1276,37.580424,55.729965
1277,37.605027,55.748647
1278,37.756169,55.704264
1279,37.758692,55.704435
1280,37.42693,55.862596
1281,37.53436,55.882577
1282,37.537129,55.886484
1283,37.753898,55.709877
1284,37.757253,55.710975
1285,37.589413,55.896273
1286,37.774136,55.639744
1287,37.5945,55.883987
1288,37.82503,55.77023
1289,37.740645,55.787144
1290,37.719679,55.684124
1291,37.720247,55.677687
1292,37.517587,55.605748
1293,37.517752,55.604816
1294,37.669311,55.711522
1295,37.673311,55.715769
1296,37.672786,55.713385
1297,37.820916,55.746343
1298,37.782152,55.742089
1299,37.822524,55.754889
1300,37.490393,55.663481
1301,37.47581,55.707911
1302,37.448514,55.675747
1303,37.449912,55.825983
1304,37.521849,55.882193
1305,37.55341,55.844677
1306,37.608135,55.636528
1307,37.617481,55.599541
1308,37.736021,55.617348
1309,37.458958,55.813871
1310,37.570072,55.83318
1311,37.745071,55.624572
1312,37.665333,55.584753
1313,37.713058,55.611876
1314,37.751983,55.679386
1315,37.75204,55.678658
1316,37.484731,55.621268
1317,37.736668,55.615191
1318,37.619304,55.858718
1319,37.751677,55.617921
1320,37.756771,55.620639
1321,37.746441,55.628604
1322,37.81437,55.720054
1323,37.723392,55.626879
1324,37.859174,55.742167
1325,37.527116,55.838618
1326,37.711249,55.754008
1327,37.646009,55.754994
1328,37.720225,55.740683
1329,37.55715,55.699821
1330,37.61426,55.765376
1331,37.614552,55.764648
1332,37.6039,55.66336
1333,37.684742,55.789798
1334,37.638276,55.767855
1335,37.760031,55.652285
1336,37.820326,55.755077
1337,37.740858,55.789789
1338,37.651689,55.884891
1339,37.655623,55.753784
1340,37.799882,55.695256
1341,37.588553,55.656578
1342,37.602973,55.756467
1343,37.593168,55.718051
1344,37.406457,55.657728
1345,37.621512,55.817632
1346,37.626657,55.817638
1347,37.836609,55.781127
1348,37.857351,55.741436
1349,37.594703,55.756806
1350,37.596682,55.759253
1351,37.515422,55.798277
1352,37.796513,55.790679
1353,37.602076,55.7686
1354,37.60315,55.769032
1355,37.570848,55.861177
1356,37.678544,55.740409
1357,37.518419,55.801037
1358,37.602083,55.78386
1359,37.569371,55.660122
1360,37.640309,55.770713
1361,37.621622,55.79381
1362,37.792849,55.757426
1363,37.484519,55.680675
1364,37.604999,55.775955
1365,37.572625,55.569153
1366,37.66856,55.736511
1367,37.748759,55.716528
1368,37.524093,55.627354
1369,37.602459,55.758018
1370,37.532769,55.544728
1371,37.67257,55.735097
1372,37.558288,55.699086
1373,37.492426,55.620294
1374,37.606963,55.783744
1375,37.706144,55.783574
1376,37.614121,55.779737
1377,37.609238,55.775478
1378,37.515534,55.8247
1379,37.670531,55.676112
1380,37.499888,55.844261
1381,37.528347,55.635173
1382,37.767612,55.671987
1383,37.642992,55.766423
1384,37.552408,55.871016
1385,37.475583,55.640663
1386,37.479092,55.642444
1387,37.403018,55.759278
1388,37.404019,55.760193
1389,37.53406,55.669412
1390,37.588584,55.760398
1391,37.562767,55.877592
1392,37.523819,55.671581
1393,37.464914,55.668921
1394,37.383282,55.648878
1395,37.736363,55.71165
1396,37.735904,55.61952
1397,37.412665,55.757531
1398,37.889803,55.7152
1399,37.512648,55.702474
1400,37.58411,55.532875
1401,37.61286,55.85758
1402,37.34348,55.846581
1403,37.681127,55.742841
1404,37.4136,55.770761
1405,37.618129,55.772452
1406,37.619923,55.769376
1407,37.792557,55.790154
1408,37.588031,55.855138
1409,37.603578,55.72199
1410,37.605907,55.723458
1411,37.493087,55.744761
1412,37.573566,55.792374
1413,37.581164,55.797803
1414,37.864996,55.703902
1415,37.404653,55.797329
1416,37.570496,55.566161
1417,37.650953,55.74908
1418,37.808852,55.795909
1419,37.814725,55.793934
1420,37.495091,55.737791
1421,37.614331,55.647868
1422,37.614305,55.646416
1423,37.55143,55.549495
1424,37.59832,55.791928
1425,37.616298,55.851822
1426,37.651753,55.827183
1427,37.662494,55.823893
1428,37.711679,55.80853
1429,37.712353,55.807176
1430,37.668487,55.741177
1431,37.524751,55.822014
1432,37.82418,55.801402
1433,37.754942,55.620614
1434,37.720972,55.801642
1435,37.50694,55.694407
1436,37.783613,55.759558
1437,37.786388,55.756073
1438,37.813308,55.752697
1439,37.813352,55.751342
1440,37.486343,55.65606
1441,37.782105,55.743298
1442,37.550406,55.550296
1443,37.218583,55.994643
1444,37.580387,55.89255
1445,37.665673,55.889623
1446,37.629096,55.876361
1447,37.696378,55.874003
1448,37.723857,55.874166
1449,37.629303,55.81655
1450,37.631829,55.808897
1451,37.790721,55.804788
1452,37.672264,55.705567
1453,37.774109,55.71465
1454,37.797697,55.635796
1455,37.796776,55.630169
1456,37.688638,55.686136
1457,37.695441,55.676163
1458,37.734156,55.614987
1459,37.746831,55.617793
1460,37.603813,55.64963
1461,37.523026,55.670274
1462,37.697552,55.584605
1463,37.606254,55.715426
1464,37.554444,55.702993
1465,37.529482,55.681484
1466,37.575975,55.669201
1467,37.573313,55.671422
1468,37.580813,55.659678
1469,37.594039,55.661325
1470,37.493203,55.653179
1471,37.476461,55.633496
1472,37.48768,55.634669
1473,37.489515,55.630199
1474,37.498512,55.618051
1475,37.405048,55.760818
1476,37.432784,55.741612
1477,37.46459,55.718191
1478,37.469223,55.689684
1479,37.502672,55.855192
1480,37.501995,55.832385
1481,37.523289,55.798531
1482,37.643749,55.825139
1483,37.596849,55.7486
1484,37.512059,55.657315
1485,37.470803,55.671518
1486,37.699984,55.67737
1487,37.706178,55.680995
1488,37.632153,55.731969
1489,37.569666,55.768626
1490,37.706303,55.738773
1491,37.557343,55.800689
1492,37.359074,55.8365
1493,37.580815,55.751366
1494,37.480163,55.626676
1495,37.727179,55.606239
1496,37.611696,55.691142
1497,37.568379,55.780324
1498,37.614753,55.759637
1499,37.59708,55.754193
1500,37.519323,55.827667
1501,37.742535,55.634575
1502,37.509811,55.697368
1503,37.493637,55.684538
1504,37.757509,55.696873
