"ID";"WALKING_NEAR_DURATION";"WALKING_NEAR_DISTANCE"
"2501";"52";"76"
"2502";"162";"226"
"2503";"566";"747"
"2504";"499";"658"
"2505";"390";"515"
"2506";"469";"615"
"2507";"579";"757"
"2508";"341";"450"
"2509";"316";"419"
"2510";"348";"470"
"2511";"327";"441"
"2512";"306";"412"
"2513";"429";"568"
"2514";"466";"619"
"2515";"393";"532"
"2516";"518";"688"
"2517";"404";"534"
"2518";"379";"499"
"2519";"360";"505"
"2520";"366";"513"
"2521";"437";"617"
"2522";"404";"568"
"2523";"272";"384"
"2524";"809";"1113"
"2525";"578";"794"
"2526";"319";"448"
"2527";"261";"366"
"2528";"361";"506"
"2529";"254";"357"
"2530";"291";"407"
"2531";"226";"315"
"2532";"187";"255"
"2533";"404";"553"
"2534";"90";"124"
"2535";"364";"495"
"2536";"321";"439"
"2537";"190";"257"
"2538";"328";"452"
"2539";"231";"320"
"2540";"320";"450"
"2541";"317";"428"
"2542";"871";"1196"
"2543";"844";"1161"
"2544";"208";"275"
"2545";"138";"191"
"2546";"123";"165"
"2547";"115";"159"
"2548";"350";"482"
"2549";"105";"144"
"2550";"115";"152"
"2551";"152";"207"
"2552";"245";"327"
"2553";"283";"379"
"2554";"91";"125"
"2555";"148";"204"
"2556";"72";"102"
"2557";"87";"112"
"2558";"159";"210"
"2559";"385";"521"
"2560";"175";"243"
"2561";"215";"301"
"2562";"156";"215"
"2563";"267";"360"
"2564";"148";"206"
"2565";"290";"392"
"2566";"277";"383"
"2567";"293";"397"
"2568";"220";"304"
"2569";"203";"288"
"2570";"116";"159"
"2571";"235";"310"
"2572";"309";"417"
"2573";"497";"691"
"2574";"359";"494"
"2575";"398";"551"
"2576";"453";"623"
"2577";"318";"438"
"2578";"155";"208"
"2579";"177";"234"
"2580";"149";"194"
"2581";"74";"102"
"2582";"204";"269"
"2583";"289";"387"
"2584";"290";"390"
"2585";"275";"367"
"2586";"445";"609"
"2587";"247";"324"
"2588";"235";"311"
"2589";"342";"451"
"2590";"275";"367"
"2591";"345";"465"
"2592";"292";"382"
"2593";"356";"478"
"2594";"302";"397"
"2595";"232";"308"
"2596";"245";"322"
"2597";"146";"190"
"2598";"393";"527"
"2599";"218";"294"
"2600";"443";"595"
"2601";"428";"583"
"2602";"0";"0"
"2603";"280";"344"
"2604";"396";"572"
"2605";"845";"1147"
"2606";"186";"237"
"2607";"367";"536"
"2608";"422";"612"
"2609";"504";"744"
"2610";"651";"899"
"2611";"615";"839"
"2612";"339";"492"
"2613";"626";"909"
"2614";"299";"431"
"2615";"652";"946"
"2616";"462";"662"
"2617";"217";"314"
"2618";"509";"712"
"2619";"321";"491"
"2620";"673";"951"
"2621";"660";"922"
"2622";"571";"839"
"2623";"688";"950"
"2624";"433";"632"
"2625";"652";"946"
"2626";"2047";"2786"
"2627";"1972";"2693"
"2628";"722";"990"
"2629";"676";"931"
"2630";"396";"569"
"2631";"732";"986"
"2632";"349";"501"
"2633";"639";"876"
"2634";"296";"413"
"2635";"849";"1142"
"2636";"271";"385"
"2637";"848";"1158"
"2638";"570";"803"
"2639";"639";"890"
"2640";"808";"1084"
"2641";"81";"117"
"2642";"103";"126"
"2643";"648";"879"
"2644";"738";"1012"
"2645";"738";"1007"
"2646";"404";"541"
"2647";"440";"599"
"2648";"402";"543"
"2649";"322";"477"
"2650";"410";"573"
"2651";"813";"1106"
"2652";"288";"381"
"2653";"356";"523"
"2654";"701";"975"
"2655";"600";"842"
"2656";"247";"299"
"2657";"491";"704"
"2658";"443";"609"
"2659";"264";"357"
"2660";"207";"266"
"2661";"411";"587"
"2662";"397";"550"
"2663";"373";"499"
"2664";"218";"313"
"2665";"369";"490"
"2666";"119";"172"
"2667";"203";"290"
"2668";"146";"215"
"2669";"206";"312"
"2670";"183";"252"
"2671";"271";"362"
"2672";"312";"443"
"2673";"540";"720"
"2674";"408";"576"
"2675";"477";"658"
"2676";"488";"630"
"2677";"89";"131"
"2678";"561";"736"
"2679";"675";"921"
"2680";"369";"467"
"2681";"497";"640"
"2682";"512";"663"
"2683";"346";"450"
"2684";"917";"1217"
"2685";"201";"278"
"2686";"327";"470"
"2687";"328";"450"
"2688";"292";"431"
"2689";"764";"1033"
"2690";"748";"1013"
"2691";"561";"823"
"2692";"576";"781"
"2693";"526";"753"
"2694";"381";"540"
"2695";"98";"143"
"2696";"19";"26"
"2697";"80";"106"
"2698";"431";"610"
"2699";"427";"602"
"2700";"326";"460"
"2701";"458";"621"
"2702";"507";"675"
"2703";"276";"379"
"2704";"268";"365"
"2705";"171";"237"
"2706";"244";"333"
"2707";"435";"594"
"2708";"401";"564"
"2709";"289";"411"
"2710";"356";"500"
"2711";"217";"306"
"2712";"177";"255"
"2713";"126";"174"
"2714";"125";"178"
"2715";"298";"421"
"2716";"397";"547"
"2717";"517";"708"
"2718";"282";"394"
"2719";"282";"394"
"2720";"253";"353"
"2721";"207";"292"
"2722";"480";"668"
"2723";"285";"399"
"2724";"1802";"2468"
"2725";"1768";"2431"
"2726";"1706";"2350"
"2727";"1550";"2142"
"2728";"537";"746"
"2729";"432";"602"
"2730";"244";"345"
"2731";"262";"366"
"2732";"589";"777"
"2733";"490";"640"
"2734";"1599";"2211"
"2735";"462";"604"
"2736";"138";"181"
"2737";"133";"189"
"2738";"328";"453"
"2739";"248";"348"
"2740";"302";"422"
"2741";"446";"619"
"2742";"292";"414"
"2743";"332";"468"
"2744";"400";"540"
"2745";"184";"251"
"2746";"80";"88"
"2747";"285";"398"
"2748";"254";"353"
"2749";"347";"484"
"2750";"390";"543"
"2751";"157";"220"
"2752";"334";"457"
"2753";"312";"428"
"2754";"106";"152"
"2755";"258";"352"
"2756";"119";"176"
"2757";"501";"689"
"2758";"83";"122"
"2759";"433";"557"
"2760";"358";"499"
"2761";"570";"772"
"2762";"136";"182"
"2763";"694";"948"
"2764";"249";"350"
"2765";"474";"652"
"2766";"518";"677"
"2767";"661";"909"
"2768";"340";"470"
"2769";"513";"668"
"2770";"69";"92"
"2771";"585";"798"
"2772";"754";"1034"
"2773";"718";"986"
"2774";"282";"397"
"2775";"640";"867"
"2776";"416";"559"
"2777";"328";"443"
"2778";"372";"501"
"2779";"372";"503"
"2780";"282";"379"
"2781";"522";"710"
"2782";"144";"200"
"2783";"192";"262"
"2784";"241";"326"
"2785";"373";"530"
"2786";"230";"317"
"2787";"82";"109"
"2788";"315";"397"
"2789";"410";"526"
"2790";"232";"301"
"2791";"14";"19"
"2792";"247";"333"
"2793";"163";"226"
"2794";"432";"583"
"2795";"14";"19"
"2796";"160";"198"
"2797";"437";"602"
"2798";"504";"698"
"2799";"96";"136"
"2800";"491";"682"
"2801";"337";"440"
"2802";"408";"521"
"2803";"596";"747"
"2804";"337";"458"
"2805";"313";"422"
"2806";"850";"1083"
"2807";"775";"959"
"2808";"323";"415"
"2809";"248";"325"
"2810";"255";"342"
"2811";"343";"470"
"2812";"316";"429"
"2813";"429";"561"
"2814";"519";"670"
"2815";"38";"52"
"2816";"374";"479"
"2817";"91";"129"
"2818";"76";"91"
"2819";"288";"384"
"2820";"172";"249"
"2821";"130";"191"
"2822";"113";"164"
"2823";"132";"188"
"2824";"136";"195"
"2825";"495";"691"
"2826";"316";"450"
"2827";"287";"405"
"2828";"306";"437"
"2829";"334";"467"
"2830";"440";"616"
"2831";"405";"554"
"2832";"333";"480"
"2833";"400";"565"
"2834";"715";"940"
"2835";"351";"475"
"2836";"489";"656"
"2837";"429";"585"
"2838";"453";"606"
"2839";"372";"503"
"2840";"418";"555"
"2841";"377";"498"
"2842";"346";"449"
"2843";"216";"283"
"2844";"319";"417"
"2845";"454";"619"
"2846";"396";"539"
"2847";"539";"729"
"2848";"548";"743"
"2849";"586";"790"
"2850";"493";"658"
"2851";"622";"833"
"2852";"226";"287"
"2853";"366";"528"
"2854";"670";"926"
"2855";"363";"534"
"2856";"235";"350"
"2857";"240";"293"
"2858";"345";"501"
"2859";"328";"472"
"2860";"198";"280"
"2861";"320";"418"
"2862";"129";"166"
"2863";"225";"333"
"2864";"288";"419"
"2865";"262";"391"
"2866";"194";"283"
"2867";"517";"692"
"2868";"208";"267"
"2869";"370";"526"
"2870";"43";"63"
"2871";"143";"199"
"2872";"390";"558"
"2873";"431";"616"
"2874";"503";"642"
"2875";"405";"582"
"2876";"604";"851"
"2877";"494";"677"
"2878";"373";"508"
"2879";"190";"242"
"2880";"296";"400"
"2881";"122";"144"
"2882";"99";"139"
"2883";"231";"289"
"2884";"261";"338"
"2885";"244";"336"
"2886";"238";"340"
"2887";"256";"374"
"2888";"752";"1045"
"2889";"810";"1132"
"2890";"287";"413"
"2891";"181";"265"
"2892";"380";"545"
"2893";"704";"975"
"2894";"244";"357"
"2895";"327";"468"
"2896";"205";"301"
"2897";"290";"419"
"2898";"766";"1068"
"2899";"271";"393"
"2900";"323";"469"
"2901";"215";"315"
"2902";"321";"466"
"2903";"200";"295"
"2904";"275";"402"
"2905";"249";"365"
"2906";"235";"342"
"2907";"211";"307"
"2908";"258";"377"
"2909";"778";"1083"
"2910";"164";"239"
"2911";"288";"415"
"2912";"762";"1055"
"2913";"121";"175"
"2914";"193";"277"
"2915";"101";"144"
"2916";"975";"1347"
"2917";"960";"1338"
"2918";"798";"1105"
"2919";"607";"812"
"2920";"572";"775"
"2921";"563";"760"
"2922";"492";"669"
"2923";"491";"669"
"2924";"452";"604"
"2925";"336";"449"
"2926";"123";"174"
"2927";"555";"761"
"2928";"200";"259"
"2929";"149";"196"
"2930";"97";"131"
"2931";"81";"111"
"2932";"263";"382"
"2933";"437";"603"
"2934";"370";"510"
"2935";"411";"569"
"2936";"157";"224"
"2937";"358";"494"
"2938";"439";"599"
"2939";"386";"526"
"2940";"703";"949"
"2941";"758";"1025"
"2942";"696";"941"
"2943";"753";"1022"
"2944";"127";"166"
"2945";"135";"185"
"2946";"214";"293"
"2947";"213";"282"
"2948";"166";"230"
"2949";"224";"316"
"2950";"289";"406"
"2951";"232";"319"
"2952";"284";"395"
"2953";"209";"285"
"2954";"337";"464"
"2955";"208";"285"
"2956";"274";"380"
"2957";"410";"571"
"2958";"705";"953"
"2959";"381";"536"
"2960";"324";"462"
"2961";"524";"726"
"2962";"357";"508"
"2963";"588";"805"
"2964";"445";"635"
"2965";"554";"764"
"2966";"502";"716"
"2967";"407";"574"
"2968";"619";"842"
"2969";"659";"894"
"2970";"645";"870"
"2971";"408";"561"
"2972";"299";"413"
"2973";"221";"310"
"2974";"240";"338"
"2975";"425";"556"
"2976";"379";"528"
"2977";"309";"400"
"2978";"257";"355"
"2979";"344";"480"
"2980";"150";"218"
"2981";"70";"105"
"2982";"47";"65"
"2983";"221";"308"
"2984";"167";"242"
"2985";"137";"200"
"2986";"285";"385"
"2987";"128";"180"
"2988";"875";"1203"
"2989";"729";"986"
"2990";"706";"934"
"2991";"760";"1013"
"2992";"629";"842"
"2993";"527";"703"
"2994";"670";"900"
"2995";"632";"850"
"2996";"927";"1272"
"2997";"161";"226"
"2998";"303";"425"
"2999";"261";"370"
"3000";"232";"319"
"3001";"57";"77"
"3002";"156";"216"
"3003";"126";"187"
"3004";"130";"181"
"3005";"236";"332"
"3006";"302";"428"
"3007";"75";"110"
"3008";"420";"594"
"3009";"338";"483"
"3010";"441";"612"
"3011";"390";"544"
"3012";"56";"81"
"3013";"393";"542"
"3014";"428";"596"
"3015";"409";"571"
"3016";"343";"479"
"3017";"507";"709"
"3018";"325";"461"
"3019";"122";"164"
"3020";"242";"346"
"3021";"281";"393"
"3022";"290";"416"
"3023";"212";"292"
"3024";"457";"636"
"3025";"291";"396"
"3026";"450";"631"
"3027";"285";"387"
"3028";"424";"598"
"3029";"336";"470"
"3030";"229";"322"
"3031";"277";"387"
"3032";"298";"416"
"3033";"414";"568"
"3034";"383";"533"
"3035";"77";"115"
"3036";"121";"176"
"3037";"142";"201"
"3038";"199";"270"
"3039";"234";"329"
"3040";"279";"392"
"3041";"259";"360"
"3042";"362";"509"
"3043";"284";"396"
"3044";"479";"674"
"3045";"371";"515"
"3046";"329";"456"
"3047";"357";"494"
"3048";"149";"213"
"3049";"385";"508"
"3050";"370";"484"
"3051";"380";"489"
"3052";"294";"372"
"3053";"224";"318"
"3054";"321";"445"
"3055";"358";"496"
"3056";"292";"405"
"3057";"300";"422"
"3058";"273";"388"
"3059";"291";"404"
"3060";"299";"407"
"3061";"403";"554"
"3062";"207";"286"
"3063";"109";"149"
"3064";"140";"191"
"3065";"271";"369"
"3066";"136";"171"
"3067";"161";"218"
"3068";"199";"252"
"3069";"149";"200"
"3070";"83";"120"
"3071";"109";"150"
"3072";"322";"410"
"3073";"343";"467"
"3074";"167";"234"
"3075";"164";"230"
"3076";"276";"373"
"3077";"494";"665"
"3078";"61";"85"
"3079";"357";"494"
"3080";"319";"434"
"3081";"189";"264"
"3082";"488";"651"
"3083";"277";"376"
"3084";"506";"677"
"3085";"283";"390"
"3086";"209";"289"
"3087";"196";"273"
"3088";"287";"398"
"3089";"135";"185"
"3090";"34";"50"
"3091";"124";"171"
"3092";"261";"364"
"3093";"239";"332"
"3094";"234";"328"
"3095";"0";"0"
"3096";"182";"253"
"3097";"121";"173"
"3098";"294";"413"
"3099";"460";"611"
"3100";"267";"364"
"3101";"502";"710"
"3102";"458";"649"
"3103";"1665";"2283"
"3104";"1729";"2366"
"3105";"1822";"2503"
"3106";"481";"684"
"3107";"339";"483"
"3108";"158";"232"
"3109";"355";"510"
"3110";"65";"97"
"3111";"256";"357"
"3112";"237";"330"
"3113";"222";"310"
"3114";"255";"355"
"3115";"269";"375"
"3116";"285";"398"
"3117";"222";"309"
"3118";"776";"1062"
"3119";"292";"390"
"3120";"798";"1093"
"3121";"939";"1267"
"3122";"284";"376"
"3123";"333";"456"
"3124";"258";"329"
"3125";"937";"1264"
"3126";"265";"368"
"3127";"895";"1239"
"3128";"836";"1134"
"3129";"865";"1172"
"3130";"362";"485"
"3131";"337";"457"
"3132";"252";"329"
"3133";"298";"417"
"3134";"365";"494"
"3135";"730";"985"
"3136";"504";"675"
"3137";"65";"91"
"3138";"499";"676"
"3139";"33";"47"
"3140";"249";"352"
"3141";"285";"402"
"3142";"333";"468"
"3143";"342";"475"
"3144";"406";"557"
"3145";"530";"725"
"3146";"313";"441"
"3147";"246";"349"
"3148";"319";"447"
"3149";"398";"548"
"3150";"382";"524"
"3151";"419";"581"
"3152";"454";"633"
"3153";"336";"468"
"3154";"575";"783"
"3155";"906";"1185"
"3156";"212";"280"
"3157";"188";"243"
"3158";"142";"182"
"3159";"269";"353"
"3160";"259";"337"
"3161";"291";"378"
"3162";"246";"323"
"3163";"244";"325"
"3164";"331";"430"
"3165";"209";"274"
"3166";"785";"1022"
"3167";"304";"393"
"3168";"157";"199"
"3169";"156";"213"
"3170";"192";"260"
"3171";"299";"392"
"3172";"255";"359"
"3173";"325";"443"
"3174";"312";"417"
"3175";"219";"299"
"3176";"84";"118"
"3177";"352";"494"
"3178";"29";"39"
"3179";"261";"365"
"3180";"192";"254"
"3181";"227";"304"
"3182";"669";"909"
"3183";"353";"495"
"3184";"286";"400"
"3185";"381";"500"
"3186";"366";"483"
"3187";"316";"426"
"3188";"264";"364"
"3189";"306";"427"
"3190";"304";"432"
"3191";"465";"634"
"3192";"246";"320"
"3193";"283";"377"
"3194";"446";"588"
"3195";"92";"125"
"3196";"353";"504"
"3197";"324";"443"
"3198";"302";"410"
"3199";"378";"502"
"3200";"204";"256"
"3201";"410";"540"
"3202";"221";"283"
"3203";"508";"669"
"3204";"490";"669"
"3205";"432";"585"
"3206";"387";"520"
"3207";"339";"468"
"3208";"326";"448"
"3209";"270";"375"
"3210";"248";"346"
"3211";"420";"572"
"3212";"325";"446"
"3213";"523";"719"
"3214";"148";"201"
"3215";"444";"608"
"3216";"368";"505"
"3217";"242";"316"
"3218";"252";"337"
"3219";"355";"493"
"3220";"284";"397"
"3221";"161";"209"
"3222";"61";"88"
"3223";"644";"900"
"3224";"248";"318"
"3225";"319";"434"
"3226";"222";"298"
"3227";"339";"468"
"3228";"396";"532"
"3229";"385";"492"
"3230";"298";"392"
"3231";"256";"338"
"3232";"359";"466"
"3233";"340";"445"
"3234";"309";"415"
"3235";"146";"196"
"3236";"338";"444"
"3237";"508";"675"
"3238";"359";"467"
"3239";"427";"551"
"3240";"351";"458"
"3241";"265";"349"
"3242";"317";"413"
"3243";"605";"820"
"3244";"743";"978"
"3245";"824";"1135"
"3246";"694";"952"
"3247";"910";"1247"
"3248";"534";"723"
"3249";"101";"138"
"3250";"31";"43"
"3251";"84";"119"
"3252";"783";"1072"
"3253";"704";"967"
"3254";"756";"1038"
"3255";"166";"230"
"3256";"439";"583"
"3257";"1301";"1841"
"3258";"813";"1125"
"3259";"600";"858"
"3260";"767";"1053"
"3261";"1246";"1766"
"3262";"1327";"1883"
"3263";"376";"520"
"3264";"321";"452"
"3265";"342";"480"
"3266";"384";"527"
"3267";"156";"217"
"3268";"238";"334"
"3269";"217";"301"
"3270";"88";"121"
"3271";"35";"45"
"3272";"103";"136"
"3273";"188";"252"
"3274";"181";"247"
"3275";"177";"244"
"3276";"235";"320"
"3277";"226";"318"
"3278";"440";"598"
"3279";"197";"274"
"3280";"455";"617"
"3281";"99";"129"
"3282";"452";"614"
"3283";"401";"544"
"3284";"513";"699"
"3285";"496";"685"
"3286";"505";"688"
"3287";"5148";"7025"
"3288";"5040";"6871"
"3289";"5198";"7096"
"3290";"5193";"7088"
"3291";"5009";"6817"
"3292";"5343";"7287"
"3293";"4957";"6752"
"3294";"5096";"6951"
"3295";"4976";"6780"
"3296";"4906";"6680"
"3297";"5023";"6847"
"3298";"5008";"6825"
"3299";"5009";"6827"
"3300";"4885";"6651"
"3301";"4873";"6633"
"3302";"4766";"6484"
"3303";"5102";"6959"
"3304";"5148";"7024"
"3305";"5150";"7027"
"3306";"5056";"6894"
"3307";"5173";"7061"
"3308";"5191";"7086"
"3309";"5072";"6916"
"3310";"5081";"6930"
"3311";"4871";"6630"
"3312";"5115";"6977"
"3313";"4848";"6599"
"3314";"4919";"6699"
"3315";"4988";"6797"
"3316";"4771";"6491"
"3317";"4944";"6734"
"3318";"5133";"7004"
"3319";"4945";"6730"
"3320";"4910";"6682"
"3321";"5008";"6815"
"3322";"5087";"6938"
"3323";"4993";"6796"
"3324";"4976";"6772"
"3325";"4976";"6780"
"3326";"4909";"6682"
"3327";"4862";"6618"
"3328";"4976";"6773"
"3329";"4959";"6749"
"3330";"5006";"6812"
"3331";"4993";"6796"
"3332";"4888";"6653"
"3333";"5122";"6988"
"3334";"4894";"6661"
"3335";"5361";"7311"
"3336";"4930";"6709"
"3337";"5002";"6806"
"3338";"335";"444"
"3339";"169";"224"
"3340";"177";"241"
"3341";"2";"3"
"3342";"74";"96"
"3343";"308";"406"
"3344";"381";"502"
"3345";"511";"674"
"3346";"443";"594"
"3347";"450";"603"
"3348";"517";"683"
"3349";"3";"5"
"3350";"299";"434"
"3351";"220";"339"
"3352";"220";"341"
"3353";"213";"262"
"3354";"84";"100"
"3355";"305";"400"
"3356";"367";"491"
"3357";"398";"509"
"3358";"155";"190"
"3359";"99";"151"
"3360";"334";"491"
"3361";"432";"654"
"3362";"255";"376"
"3363";"42";"60"
"3364";"638";"826"
"3365";"225";"302"
"3366";"19";"24"
"3367";"238";"356"
"3368";"92";"132"
"3369";"66";"96"
"3370";"182";"230"
"3371";"192";"298"
"3372";"238";"305"
"3373";"229";"299"
"3374";"321";"420"
"3375";"238";"305"
"3376";"125";"170"
"3377";"664";"856"
"3378";"326";"453"
"3379";"375";"501"
"3380";"293";"393"
"3381";"400";"535"
"3382";"375";"509"
"3383";"355";"476"
"3384";"401";"533"
"3385";"410";"586"
"3386";"0";"0"
"3387";"493";"674"
"3388";"915";"1186"
"3389";"510";"699"
"3390";"386";"491"
"3391";"307";"431"
"3392";"376";"517"
"3393";"300";"410"
"3394";"200";"276"
"3395";"225";"310"
"3396";"192";"266"
"3397";"154";"210"
"3398";"459";"628"
"3399";"343";"484"
"3400";"268";"377"
"3401";"510";"701"
"3402";"333";"457"
"3403";"565";"754"
"3404";"613";"822"
"3405";"393";"541"
"3406";"359";"492"
"3407";"423";"583"
"3408";"292";"400"
"3409";"283";"385"
"3410";"379";"528"
"3411";"936";"1209"
"3412";"338";"462"
"3413";"409";"561"
"3414";"1071";"1390"
"3415";"500";"660"
"3416";"350";"478"
"3417";"287";"390"
"3418";"333";"447"
"3419";"355";"468"
"3420";"464";"644"
"3421";"445";"615"
"3422";"400";"549"
"3423";"296";"417"
"3424";"240";"311"
"3425";"117";"164"
"3426";"62";"83"
"3427";"408";"580"
"3428";"325";"462"
"3429";"389";"549"
"3430";"195";"277"
"3431";"132";"177"
"3432";"253";"363"
"3433";"353";"510"
"3434";"380";"536"
"3435";"101";"146"
"3436";"305";"444"
"3437";"205";"295"
"3438";"172";"254"
"3439";"387";"551"
"3440";"213";"306"
"3441";"237";"344"
"3442";"382";"544"
"3443";"163";"235"
"3444";"228";"322"
"3445";"433";"612"
"3446";"326";"467"
"3447";"116";"153"
"3448";"522";"712"
"3449";"25";"34"
"3450";"359";"515"
"3451";"455";"624"
"3452";"197";"276"
"3453";"409";"584"
"3454";"219";"322"
"3455";"221";"329"
"3456";"327";"478"
"3457";"56";"83"
"3458";"242";"353"
"3459";"460";"632"
"3460";"278";"396"
"3461";"468";"662"
"3462";"426";"608"
"3463";"449";"565"
"3464";"647";"818"
"3465";"281";"424"
"3466";"357";"493"
"3467";"198";"271"
"3468";"130";"170"
"3469";"158";"221"
"3470";"145";"217"
"3471";"157";"220"
"3472";"192";"288"
"3473";"31";"44"
"3474";"365";"505"
"3475";"252";"351"
"3476";"226";"318"
"3477";"385";"570"
"3478";"382";"539"
"3479";"349";"482"
"3480";"442";"612"
"3481";"89";"115"
"3482";"27";"39"
"3483";"367";"484"
"3484";"214";"307"
"3485";"203";"255"
"3486";"364";"454"
"3487";"12";"16"
"3488";"1012";"1391"
"3489";"917";"1259"
"3490";"873";"1194"
"3491";"854";"1166"
"3492";"879";"1207"
"3493";"998";"1362"
"3494";"810";"1112"
"3495";"330";"454"
"3496";"233";"321"
"3497";"458";"651"
"3498";"394";"558"
"3499";"465";"654"
"3500";"500";"709"
"3501";"54";"85"
"3502";"79";"116"
"3503";"258";"358"
"3504";"57";"84"
"3505";"186";"248"
"3506";"67";"91"
"3507";"398";"547"
"3508";"426";"584"
"3509";"240";"328"
"3510";"349";"481"
"3511";"216";"293"
"3512";"466";"651"
"3513";"183";"253"
"3514";"251";"361"
"3515";"178";"240"
"3516";"96";"145"
"3517";"267";"390"
"3518";"488";"704"
"3519";"430";"595"
"3520";"385";"535"
"3521";"725";"992"
"3522";"531";"740"
"3523";"58";"82"
"3524";"783";"1070"
"3525";"56";"80"
"3526";"442";"619"
"3527";"172";"227"
"3528";"517";"725"
"3529";"468";"661"
"3530";"70";"103"
"3531";"209";"288"
"3532";"179";"246"
"3533";"287";"395"
"3534";"267";"377"
"3535";"204";"279"
"3536";"220";"302"
"3537";"209";"293"
"3538";"188";"272"
"3539";"195";"279"
"3540";"126";"177"
"3541";"558";"783"
"3542";"645";"910"
"3543";"608";"849"
"3544";"611";"795"
"3545";"92";"127"
"3546";"198";"267"
"3547";"26";"31"
"3548";"126";"169"
"3549";"126";"188"
"3550";"268";"370"
"3551";"216";"301"
"3552";"162";"221"
"3553";"392";"506"
"3554";"198";"274"
"3555";"375";"532"
"3556";"394";"546"
"3557";"393";"534"
"3558";"385";"520"
"3559";"108";"149"
"3560";"190";"261"
"3561";"326";"461"
"3562";"131";"183"
"3563";"110";"159"
"3564";"78";"105"
"3565";"17";"25"
"3566";"166";"239"
"3567";"373";"526"
"3568";"405";"553"
"3569";"446";"632"
"3570";"190";"262"
"3571";"304";"426"
"3572";"0";"0"
"3573";"313";"439"
"3574";"428";"613"
"3575";"89";"133"
"3576";"866";"1173"
"3577";"371";"506"
"3578";"205";"291"
"3579";"476";"690"
"3580";"353";"469"
"3581";"243";"360"
"3582";"119";"177"
"3583";"82";"125"
"3584";"51";"81"
"3585";"451";"586"
"3586";"403";"523"
"3587";"413";"567"
"3588";"172";"247"
"3589";"587";"816"
"3590";"239";"314"
"3591";"374";"492"
"3592";"627";"820"
"3593";"309";"422"
"3594";"334";"464"
"3595";"396";"556"
"3596";"263";"341"
"3597";"441";"620"
"3598";"1017";"1382"
"3599";"676";"930"
"3600";"482";"685"
"3601";"522";"750"
"3602";"1038";"1404"
"3603";"1041";"1407"
"3604";"1026";"1393"
"3605";"506";"695"
"3606";"659";"904"
"3607";"225";"293"
"3608";"473";"694"
"3609";"102";"152"
"3610";"514";"757"
"3611";"161";"235"
"3612";"341";"481"
"3613";"246";"314"
"3614";"446";"650"
"3615";"107";"156"
"3616";"239";"313"
"3617";"386";"537"
"3618";"191";"254"
"3619";"188";"234"
"3620";"224";"304"
"3621";"9";"10"
"3622";"77";"122"
"3623";"578";"794"
"3624";"214";"286"
"3625";"183";"227"
"3626";"268";"350"
"3627";"451";"655"
"3628";"208";"281"
"3629";"58";"93"
"3630";"141";"211"
"3631";"440";"576"
"3632";"393";"520"
"3633";"336";"444"
"3634";"137";"209"
"3635";"283";"381"
"3636";"245";"332"
"3637";"155";"206"
"3638";"97";"127"
"3639";"61";"82"
"3640";"88";"122"
"3641";"307";"453"
"3642";"283";"405"
"3643";"289";"408"
"3644";"340";"510"
"3645";"237";"319"
"3646";"360";"469"
"3647";"1253";"1736"
"3648";"244";"373"
"3649";"500";"700"
"3650";"254";"345"
"3651";"444";"600"
"3652";"97";"128"
"3653";"46";"60"
"3654";"124";"169"
"3655";"131";"165"
"3656";"156";"242"
"3657";"209";"310"
"3658";"273";"390"
"3659";"110";"139"
"3660";"192";"262"
"3661";"202";"274"
"3662";"283";"397"
"3663";"317";"436"
"3664";"296";"410"
"3665";"367";"509"
"3666";"279";"383"
"3667";"448";"619"
"3668";"231";"316"
"3669";"311";"429"
"3670";"431";"597"
"3671";"136";"178"
"3672";"305";"439"
"3673";"324";"434"
"3674";"359";"484"
"3675";"437";"605"
"3676";"197";"261"
"3677";"352";"504"
"3678";"451";"624"
"3679";"155";"206"
"3680";"302";"411"
"3681";"182";"239"
"3682";"115";"152"
"3683";"196";"276"
"3684";"195";"271"
"3685";"430";"589"
"3686";"121";"172"
"3687";"206";"294"
"3688";"106";"151"
"3689";"721";"983"
"3690";"283";"401"
"3691";"9031";"12389"
"3692";"9081";"12460"
"3693";"9084";"12464"
"3694";"9116";"12506"
"3695";"9143";"12543"
"3696";"9234";"12664"
"3697";"9412";"12903"
"3698";"9393";"12877"
"3699";"9202";"12621"
"3700";"9207";"12628"
"3701";"9333";"12797"
"3702";"9504";"13013"
"3703";"9418";"12891"
"3704";"9318";"12748"
"3705";"9307";"12737"
"3706";"9373";"12825"
"3707";"9433";"12911"
"3708";"9235";"12630"
"3709";"9144";"12544"
"3710";"9503";"13011"
"3711";"9140";"12538"
"3712";"9312";"12738"
"3713";"9230";"12659"
"3714";"9419";"12892"
"3715";"9554";"13082"
"3716";"9136";"12532"
"3717";"9187";"12601"
"3718";"9438";"12917"
"3719";"9393";"12853"
"3720";"9488";"12989"
"3721";"9325";"12786"
"3722";"9334";"12798"
"3723";"9407";"12877"
"3724";"9425";"12900"
"3725";"9421";"12896"
"3726";"403";"559"
"3727";"291";"408"
"3728";"459";"606"
"3729";"252";"361"
"3730";"437";"578"
"3731";"397";"523"
"3732";"370";"509"
"3733";"519";"687"
"3734";"579";"770"
"3735";"649";"862"
"3736";"688";"917"
"3737";"706";"944"
"3738";"750";"1017"
"3739";"805";"1095"
"3740";"858";"1173"
"3741";"913";"1252"
"3742";"228";"314"
"3743";"493";"656"
"3744";"540";"746"
"3745";"452";"608"
"3746";"775";"1052"
"3747";"624";"850"
"3748";"659";"902"
"3749";"678";"929"
"3750";"867";"1185"
"3751";"659";"902"
"3752";"4728";"6359"
"3753";"1197";"1565"
"3754";"1949";"2657"
"3755";"1185";"1548"
"3756";"1118";"1452"
"3757";"923";"1179"
"3758";"658";"921"
"3759";"933";"1284"
"3760";"674";"922"
"3761";"902";"1246"
"3762";"738";"1009"
"3763";"268";"378"
"3764";"344";"457"
"3765";"618";"875"
"3766";"1154";"1443"
"3767";"497";"690"
"3768";"389";"501"
"3769";"255";"333"
"3770";"2329";"3122"
"3771";"2364";"3170"
"3772";"2421";"3244"
"3773";"516";"608"
"3774";"833";"1133"
"3775";"605";"831"
"3776";"440";"567"
"3777";"473";"658"
"3778";"579";"797"
"3779";"346";"494"
"3780";"229";"328"
"3781";"268";"371"
"3782";"541";"749"
"3783";"681";"934"
"3784";"385";"525"
"3785";"472";"650"
"3786";"484";"622"
"3787";"467";"645"
"3788";"497";"686"
"3789";"397";"520"
"3790";"471";"623"
"3791";"447";"621"
"3792";"352";"470"
"3793";"388";"537"
"3794";"105";"155"
"3795";"452";"620"
"3796";"513";"690"
"3797";"579";"785"
"3798";"479";"625"
"3799";"458";"599"
"3800";"883";"1206"
"3801";"2187";"2925"
"3802";"420";"583"
"3803";"258";"344"
"3804";"100";"134"
"3805";"142";"189"
"3806";"100";"138"
"3807";"148";"204"
"3808";"233";"309"
"3809";"280";"371"
"3810";"739";"1049"
"3811";"164";"224"
"3812";"1508";"2005"
"3813";"317";"420"
"3814";"6";"8"
"3815";"272";"367"
"3816";"296";"412"
"3817";"266";"364"
"3818";"538";"724"
"3819";"514";"692"
"3820";"124";"171"
"3821";"582";"818"
"3822";"2288";"3067"
"3823";"40";"48"
"3824";"98";"154"
"3825";"583";"752"
"3826";"619";"806"
"3827";"1095";"1468"
"3828";"1055";"1400"
"3829";"206";"283"
"3830";"209";"278"
"3831";"361";"484"
"3832";"453";"627"
"3833";"271";"371"
"3834";"231";"317"
"3835";"98";"132"
"3836";"148";"202"
"3837";"106";"144"
"3838";"770";"1102"
"3839";"264";"359"
"3840";"120";"178"
"3841";"438";"598"
"3842";"340";"489"
"3843";"201";"298"
"3844";"166";"252"
"3845";"135";"203"
"3846";"102";"153"
"3847";"203";"301"
"3848";"213";"315"
"3849";"301";"424"
"3850";"153";"229"
"3851";"931";"1300"
"3852";"1270";"1701"
"3853";"1284";"1712"
"3854";"1282";"1717"
"3855";"1219";"1631"
"3856";"268";"389"
"3857";"321";"461"
"3858";"1164";"1555"
"3859";"1085";"1449"
"3860";"995";"1329"
"3861";"188";"280"
"3862";"563";"731"
"3863";"492";"641"
"3864";"406";"546"
"3865";"371";"508"
"3866";"536";"702"
"3867";"297";"409"
"3868";"269";"371"
"3869";"215";"296"
"3870";"266";"357"
"3871";"883";"1227"
"3872";"491";"627"
"3873";"406";"549"
"3874";"623";"816"
"3875";"634";"829"
"3876";"677";"888"
"3877";"632";"777"
"3878";"573";"735"
"3879";"475";"631"
"3880";"594";"784"
"3881";"218";"309"
"3882";"399";"554"
"3883";"870";"1092"
"3884";"579";"743"
"3885";"472";"637"
"3886";"1420";"1960"
"3887";"1213";"1533"
"3888";"636";"902"
"3889";"";""
"3890";"309";"432"
"3891";"382";"531"
"3892";"370";"520"
"3893";"1258";"1703"
"3894";"1021";"1410"
"3895";"1001";"1385"
"3896";"1255";"1699"
"3897";"483";"647"
"3898";"158";"225"
"3899";"315";"444"
"3900";"585";"755"
"3901";"0";"0"
"3902";"611";"790"
"3903";"414";"574"
"3904";"349";"482"
"3905";"514";"675"
"3906";"486";"660"
"3907";"386";"522"
"3908";"0";"0"
"3909";"314";"435"
"3910";"655";"850"
"3911";"162";"218"
"3912";"369";"465"
"3913";"360";"490"
"3914";"165";"234"
"3915";"137";"183"
"3916";"352";"485"
"3917";"250";"346"
"3918";"301";"412"
"3919";"162";"227"
"3920";"261";"368"
"3921";"161";"234"
"3922";"125";"176"
"3923";"224";"322"
"3924";"216";"297"
"3925";"141";"193"
"3926";"287";"400"
"3927";"374";"463"
"3928";"312";"417"
"3929";"396";"537"
"3930";"392";"531"
"3931";"368";"504"
"3932";"236";"320"
"3933";"432";"595"
"3934";"225";"303"
"3935";"711";"969"
"3936";"728";"992"
"3937";"707";"968"
"3938";"367";"502"
"3939";"583";"825"
"3940";"361";"507"
"3941";"223";"299"
"3942";"218";"293"
"3943";"447";"628"
"3944";"448";"633"
"3945";"453";"641"
"3946";"172";"230"
"3947";"164";"220"
"3948";"356";"481"
"3949";"142";"190"
"3950";"195";"245"
"3951";"308";"426"
"3952";"338";"450"
"3953";"299";"408"
"3954";"258";"360"
"3955";"37";"52"
"3956";"288";"389"
"3957";"144";"195"
"3958";"210";"273"
"3959";"353";"492"
"3960";"139";"203"
"3961";"332";"461"
"3962";"373";"528"
"3963";"380";"523"
"3964";"277";"392"
"3965";"336";"463"
"3966";"315";"444"
"3967";"612";"809"
"3968";"432";"576"
"3969";"320";"477"
"3970";"339";"502"
"3971";"378";"558"
"3972";"522";"701"
"3973";"433";"641"
"3974";"440";"614"
"3975";"844";"1097"
"3976";"749";"1012"
"3977";"727";"978"
"3978";"708";"949"
"3979";"652";"867"
"3980";"411";"578"
"3981";"561";"761"
"3982";"296";"407"
"3983";"855";"1165"
"3984";"753";"1019"
"3985";"522";"690"
"3986";"563";"778"
"3987";"428";"596"
"3988";"517";"704"
"3989";"439";"599"
"3990";"532";"723"
"3991";"246";"346"
"3992";"698";"974"
"3993";"748";"1043"
"3994";"439";"657"
"3995";"525";"763"
"3996";"221";"284"
"3997";"420";"597"
"3998";"634";"886"
"3999";"738";"1028"
"4000";"314";"442"
"4001";"409";"546"
"4002";"331";"432"
"4003";"210";"297"
"4004";"130";"203"
"4005";"28";"43"
"4006";"701";"945"
"4007";"627";"837"
"4008";"680";"911"
"4009";"366";"507"
"4010";"332";"465"
"4011";"362";"507"
"4012";"101";"129"
"4013";"238";"339"
"4014";"221";"315"
"4015";"435";"637"
"4016";"290";"419"
"4017";"337";"468"
"4018";"163";"229"
"4019";"210";"282"
"4020";"159";"212"
"4021";"109";"145"
"4022";"588";"821"
"4023";"126";"167"
"4024";"422";"593"
"4025";"232";"317"
"4026";"357";"502"
"4027";"426";"629"
"4028";"336";"499"
"4029";"425";"622"
"4030";"421";"574"
"4031";"400";"584"
"4032";"353";"515"
"4033";"326";"476"
"4034";"293";"426"
"4035";"63";"92"
"4036";"182";"247"
"4037";"226";"328"
"4038";"283";"398"
"4039";"449";"635"
"4040";"438";"625"
"4041";"525";"735"
"4042";"431";"620"
"4043";"540";"762"
"4044";"457";"653"
"4045";"543";"767"
"4046";"148";"207"
"4047";"184";"254"
"4048";"303";"412"
"4049";"327";"440"
"4050";"239";"338"
"4051";"463";"632"
"4052";"382";"523"
"4053";"450";"594"
"4054";"341";"476"
"4055";"335";"449"
"4056";"537";"702"
"4057";"426";"561"
"4058";"525";"691"
"4059";"448";"646"
"4060";"313";"430"
"4061";"453";"594"
"4062";"574";"813"
"4063";"397";"546"
"4064";"368";"505"
"4065";"551";"787"
"4066";"509";"732"
"4067";"604";"860"
"4068";"330";"460"
"4069";"256";"358"
"4070";"415";"553"
"4071";"512";"671"
"4072";"468";"611"
"4073";"435";"565"
"4074";"463";"626"
"4075";"446";"583"
"4076";"565";"747"
"4077";"717";"954"
"4078";"804";"1073"
"4079";"318";"452"
"4080";"138";"191"
"4081";"214";"297"
"4082";"550";"724"
"4083";"241";"340"
"4084";"79";"113"
"4085";"426";"578"
"4086";"383";"539"
"4087";"204";"284"
"4088";"191";"268"
"4089";"98";"139"
"4090";"268";"370"
"4091";"619";"852"
"4092";"615";"847"
"4093";"734";"1002"
"4094";"751";"1021"
"4095";"663";"900"
"4096";"1175";"1633"
"4097";"991";"1401"
"4098";"1201";"1649"
"4099";"1610";"2146"
"4100";"1420";"1889"
"4101";"1081";"1516"
"4102";"1121";"1563"
"4103";"1347";"1790"
"4104";"944";"1351"
"4105";"993";"1408"
"4106";"86";"119"
"4107";"2";"2"
"4108";"241";"339"
"4109";"225";"315"
"4110";"224";"305"
"4111";"252";"353"
"4112";"85";"118"
"4113";"266";"372"
"4114";"223";"313"
"4115";"333";"456"
"4116";"209";"290"
"4117";"148";"204"
"4118";"420";"579"
"4119";"459";"635"
"4120";"345";"478"
"4121";"327";"454"
"4122";"310";"430"
"4123";"290";"402"
"4124";"436";"602"
"4125";"361";"501"
"4126";"406";"561"
"4127";"480";"663"
"4128";"422";"578"
"4129";"281";"384"
"4130";"465";"638"
"4131";"441";"606"
"4132";"401";"551"
"4133";"351";"481"
"4134";"475";"627"
"4135";"275";"355"
"4136";"260";"348"
"4137";"445";"633"
"4138";"291";"385"
"4139";"391";"557"
"4140";"367";"478"
"4141";"324";"465"
"4142";"252";"353"
"4143";"522";"657"
"4144";"262";"357"
"4145";"415";"533"
"4146";"458";"654"
"4147";"399";"554"
"4148";"349";"487"
"4149";"144";"202"
"4150";"111";"156"
"4151";"269";"374"
"4152";"0";"0"
"4153";"495";"664"
"4154";"474";"636"
"4155";"323";"407"
"4156";"385";"553"
"4157";"505";"742"
"4158";"534";"681"
"4159";"125";"174"
"4160";"204";"274"
"4161";"413";"530"
"4162";"370";"460"
"4163";"585";"746"
"4164";"196";"269"
"4165";"299";"407"
"4166";"326";"434"
"4167";"396";"527"
"4168";"426";"570"
"4169";"330";"470"
"4170";"1772";"2328"
"4171";"387";"521"
"4172";"425";"622"
"4173";"390";"580"
"4174";"675";"869"
"4175";"890";"1254"
"4176";"644";"826"
"4177";"612";"771"
"4178";"471";"624"
"4179";"370";"521"
"4180";"1261";"1671"
"4181";"283";"387"
"4182";"237";"331"
"4183";"218";"308"
"4184";"521";"657"
"4185";"755";"1068"
"4186";"449";"631"
"4187";"148";"207"
"4188";"261";"357"
"4189";"579";"753"
"4190";"355";"476"
"4191";"511";"681"
"4192";"416";"559"
"4193";"353";"458"
"4194";"509";"593"
"4195";"276";"366"
"4196";"159";"195"
"4197";"321";"410"
"4198";"476";"668"
"4199";"450";"616"
"4200";"148";"184"
"4201";"217";"298"
"4202";"140";"200"
"4203";"160";"231"
"4204";"171";"220"
"4205";"37";"52"
"4206";"241";"328"
"4207";"275";"333"
"4208";"186";"218"
"4209";"202";"278"
"4210";"297";"402"
"4211";"472";"646"
"4212";"582";"747"
"4213";"167";"247"
"4214";"547";"702"
"4215";"278";"381"
"4216";"276";"379"
"4217";"551";"708"
"4218";"366";"467"
"4219";"701";"956"
"4220";"886";"1191"
"4221";"843";"1099"
"4222";"217";"294"
"4223";"614";"818"
"4224";"190";"270"
"4225";"320";"435"
"4226";"821";"1075"
"4227";"883";"1217"
"4228";"848";"1164"
"4229";"87";"121"
"4230";"248";"351"
"4231";"752";"1058"
"4232";"340";"453"
"4233";"315";"429"
"4234";"519";"736"
"4235";"601";"824"
"4236";"291";"388"
"4237";"317";"433"
"4238";"391";"540"
"4239";"216";"326"
"4240";"282";"392"
"4241";"69";"91"
"4242";"274";"397"
"4243";"121";"157"
"4244";"245";"339"
"4245";"235";"326"
"4246";"67";"85"
"4247";"51";"69"
"4248";"136";"175"
"4249";"104";"152"
"4250";"162";"229"
"4251";"221";"289"
"4252";"302";"439"
"4253";"415";"584"
"4254";"469";"636"
"4255";"416";"544"
"4256";"407";"539"
"4257";"76";"107"
"4258";"260";"371"
"4259";"119";"159"
"4260";"293";"417"
"4261";"680";"930"
"4262";"265";"339"
"4263";"129";"184"
"4264";"185";"264"
"4265";"346";"446"
"4266";"469";"600"
"4267";"381";"495"
"4268";"366";"474"
"4269";"319";"466"
"4270";"197";"249"
"4271";"254";"334"
"4272";"240";"293"
"4273";"413";"566"
"4274";"440";"578"
"4275";"225";"287"
"4276";"136";"189"
"4277";"153";"216"
"4278";"331";"449"
"4279";"427";"589"
"4280";"351";"456"
"4281";"75";"106"
"4282";"14";"21"
"4283";"102";"149"
"4284";"364";"499"
"4285";"559";"768"
"4286";"1439";"2034"
"4287";"1111";"1464"
"4288";"1071";"1424"
"4289";"1108";"1459"
"4290";"1043";"1383"
"4291";"1083";"1453"
"4292";"1118";"1500"
"4293";"298";"409"
"4294";"270";"386"
"4295";"208";"298"
"4296";"117";"167"
"4297";"236";"331"
"4298";"219";"300"
"4299";"291";"397"
"4300";"322";"459"
"4301";"637";"870"
"4302";"211";"303"
"4303";"389";"523"
"4304";"360";"489"
"4305";"372";"502"
"4306";"324";"440"
"4307";"393";"532"
"4308";"409";"553"
"4309";"282";"382"
"4310";"394";"530"
"4311";"386";"524"
"4312";"185";"237"
"4313";"266";"364"
"4314";"39";"55"
"4315";"110";"159"
"4316";"33";"44"
"4317";"42";"58"
"4318";"113";"149"
"4319";"118";"153"
"4320";"119";"165"
"4321";"313";"430"
"4322";"48";"61"
"4323";"432";"574"
"4324";"396";"524"
"4325";"237";"335"
"4326";"346";"477"
"4327";"304";"423"
"4328";"304";"424"
"4329";"300";"410"
"4330";"349";"482"
"4331";"257";"356"
"4332";"410";"565"
"4333";"427";"589"
"4334";"573";"736"
"4335";"469";"614"
"4336";"512";"675"
"4337";"235";"327"
"4338";"157";"221"
"4339";"178";"245"
"4340";"109";"151"
"4341";"872";"1209"
"4342";"814";"1128"
"4343";"841";"1167"
"4344";"998";"1356"
"4345";"826";"1145"
"4346";"795";"1098"
"4347";"1732";"2375"
"4348";"988";"1343"
"4349";"879";"1220"
"4350";"876";"1216"
"4351";"882";"1223"
"4352";"1987";"2732"
"4353";"1676";"2296"
"4354";"888";"1231"
"4355";"873";"1210"
"4356";"752";"1037"
"4357";"795";"1100"
"4358";"808";"1120"
"4359";"792";"1095"
"4360";"830";"1151"
"4361";"791";"1096"
"4362";"819";"1135"
"4363";"764";"1056"
"4364";"729";"1008"
"4365";"1658";"2271"
"4366";"761";"1051"
"4367";"729";"1008"
"4368";"792";"1095"
"4369";"1029";"1398"
"4370";"1013";"1373"
"4371";"798";"1095"
"4372";"940";"1307"
"4373";"878";"1214"
"4374";"951";"1321"
"4375";"966";"1342"
"4376";"809";"1111"
"4377";"785";"1081"
"4378";"908";"1243"
"4379";"1098";"1496"
"4380";"825";"1135"
"4381";"1056";"1441"
"4382";"1036";"1430"
"4383";"459";"624"
"4384";"855";"1147"
"4385";"278";"374"
"4386";"144";"195"
"4387";"379";"524"
"4388";"777";"1059"
"4389";"300";"401"
"4390";"201";"273"
"4391";"274";"370"
"4392";"428";"601"
"4393";"424";"579"
"4394";"147";"206"
"4395";"260";"351"
"4396";"542";"759"
"4397";"873";"1173"
"4398";"519";"700"
"4399";"234";"317"
"4400";"335";"456"
"4401";"420";"577"
"4402";"828";"1153"
"4403";"419";"577"
"4404";"884";"1187"
"4405";"457";"641"
"4406";"129";"186"
"4407";"171";"243"
"4408";"239";"335"
"4409";"473";"642"
"4410";"69";"103"
"4411";"73";"97"
"4412";"355";"480"
"4413";"366";"494"
"4414";"382";"514"
"4415";"692";"950"
"4416";"631";"880"
"4417";"458";"628"
"4418";"356";"488"
"4419";"451";"615"
"4420";"177";"246"
"4421";"543";"748"
"4422";"452";"614"
"4423";"310";"433"
"4424";"531";"709"
"4425";"354";"499"
"4426";"397";"548"
"4427";"431";"605"
"4428";"103";"147"
"4429";"640";"882"
"4430";"423";"561"
"4431";"501";"672"
"4432";"577";"777"
"4433";"742";"1012"
"4434";"206";"284"
"4435";"75";"101"
"4436";"74";"106"
"4437";"148";"205"
"4438";"783";"1084"
"4439";"508";"681"
"4440";"602";"818"
"4441";"320";"425"
"4442";"588";"787"
"4443";"200";"285"
"4444";"130";"172"
"4445";"294";"398"
"4446";"103";"144"
"4447";"147";"201"
"4448";"157";"222"
"4449";"233";"309"
"4450";"257";"348"
"4451";"262";"372"
"4452";"178";"253"
"4453";"449";"623"
"4454";"465";"645"
"4455";"500";"693"
"4456";"542";"748"
"4457";"526";"726"
"4458";"356";"497"
"4459";"505";"697"
"4460";"348";"493"
"4461";"508";"701"
"4462";"483";"671"
"4463";"525";"725"
"4464";"366";"511"
"4465";"312";"440"
"4466";"338";"473"
"4467";"330";"468"
"4468";"346";"492"
"4469";"364";"519"
"4470";"544";"751"
"4471";"374";"522"
"4472";"392";"546"
"4473";"348";"488"
"4474";"381";"531"
"4475";"253";"357"
"4476";"609";"838"
"4477";"283";"384"
"4478";"503";"687"
"4479";"497";"662"
"4480";"534";"706"
"4481";"567";"752"
"4482";"524";"713"
"4483";"151";"204"
"4484";"533";"677"
"4485";"350";"449"
"4486";"355";"509"
"4487";"577";"724"
"4488";"153";"215"
"4489";"113";"145"
"4490";"171";"228"
"4491";"867";"1206"
"4492";"297";"390"
"4493";"258";"346"
"4494";"473";"650"
"4495";"363";"424"
"4496";"389";"554"
"4497";"324";"449"
"4498";"200";"292"
"4499";"119";"175"
"4500";"203";"270"
"4501";"208";"285"
"4502";"386";"542"
"4503";"351";"448"
"4504";"401";"509"
"4505";"227";"290"
"4506";"368";"496"
"4507";"117";"162"
"4508";"85";"125"
"4509";"103";"148"
"4510";"416";"559"
"4511";"438";"581"
"4512";"313";"435"
"4513";"676";"909"
"4514";"478";"639"
"4515";"443";"601"
"4516";"64";"88"
"4517";"112";"153"
"4518";"108";"154"
"4519";"99";"139"
"4520";"242";"333"
"4521";"329";"452"
"4522";"281";"395"
"4523";"283";"396"
"4524";"53";"77"
"4525";"126";"174"
"4526";"197";"278"
"4527";"185";"260"
"4528";"152";"215"
"4529";"153";"213"
"4530";"103";"146"
"4531";"53";"75"
"4532";"132";"189"
"4533";"291";"456"
"4534";"198";"292"
"4535";"123";"162"
"4536";"199";"293"
"4537";"187";"260"
"4538";"258";"394"
"4539";"224";"335"
"4540";"130";"183"
"4541";"145";"211"
"4542";"96";"133"
"4543";"230";"332"
"4544";"331";"461"
"4545";"225";"326"
"4546";"182";"268"
"4547";"262";"378"
"4548";"199";"290"
"4549";"264";"408"
"4550";"273";"393"
"4551";"329";"468"
"4552";"155";"213"
"4553";"703";"976"
"4554";"522";"727"
"4555";"521";"726"
"4556";"556";"773"
"4557";"593";"824"
"4558";"554";"771"
"4559";"571";"794"
"4560";"504";"703"
"4561";"592";"823"
"4562";"215";"270"
"4563";"432";"571"
"4564";"387";"509"
"4565";"147";"185"
"4566";"177";"219"
"4567";"418";"513"
"4568";"450";"559"
"4569";"885";"1097"
"4570";"200";"279"
"4571";"197";"258"
"4572";"126";"166"
"4573";"177";"239"
"4574";"131";"152"
"4575";"176";"237"
"4576";"89";"113"
"4577";"247";"343"
"4578";"273";"383"
"4579";"234";"330"
"4580";"235";"332"
"4581";"164";"228"
"4582";"220";"304"
"4583";"229";"323"
"4584";"417";"569"
"4585";"217";"295"
"4586";"78";"103"
"4587";"241";"329"
"4588";"296";"405"
"4589";"426";"594"
"4590";"426";"592"
"4591";"182";"247"
"4592";"163";"218"
"4593";"386";"531"
"4594";"264";"370"
"4595";"232";"323"
"4596";"111";"154"
"4597";"147";"206"
"4598";"197";"274"
"4599";"199";"279"
"4600";"349";"479"
"4601";"372";"504"
"4602";"362";"487"
"4603";"400";"527"
"4604";"149";"193"
"4605";"123";"161"
"4606";"96";"123"
"4607";"473";"613"
"4608";"65";"87"
"4609";"207";"255"
"4610";"110";"141"
"4611";"48";"64"
"4612";"304";"413"
"4613";"201";"238"
"4614";"238";"302"
"4615";"145";"206"
"4616";"350";"478"
"4617";"293";"393"
"4618";"477";"620"
"4619";"395";"498"
"4620";"159";"217"
"4621";"375";"480"
"4622";"136";"155"
"4623";"290";"389"
"4624";"187";"238"
"4625";"231";"296"
"4626";"272";"367"
"4627";"46";"67"
"4628";"177";"216"
"4629";"310";"404"
"4630";"219";"291"
"4631";"184";"244"
"4632";"216";"287"
"4633";"447";"591"
"4634";"292";"389"
"4635";"100";"141"
"4636";"288";"368"
"4637";"98";"136"
"4638";"296";"380"
"4639";"340";"430"
"4640";"372";"479"
"4641";"265";"345"
"4642";"419";"569"
"4643";"329";"441"
"4644";"320";"430"
"4645";"95";"136"
"4646";"323";"446"
"4647";"490";"659"
"4648";"265";"353"
"4649";"467";"647"
"4650";"424";"575"
"4651";"462";"630"
"4652";"407";"556"
"4653";"362";"506"
"4654";"176";"245"
"4655";"434";"606"
"4656";"307";"425"
"4657";"385";"531"
"4658";"346";"476"
"4659";"343";"476"
"4660";"456";"634"
"4661";"363";"511"
"4662";"416";"583"
"4663";"462";"634"
"4664";"423";"568"
"4665";"445";"612"
"4666";"460";"643"
"4667";"518";"702"
"4668";"468";"630"
"4669";"389";"532"
"4670";"440";"612"
"4671";"90";"119"
"4672";"224";"311"
"4673";"354";"477"
"4674";"266";"373"
"4675";"183";"256"
"4676";"255";"335"
"4677";"246";"345"
"4678";"165";"229"
"4679";"423";"587"
"4680";"216";"296"
"4681";"491";"664"
"4682";"345";"483"
"4683";"496";"673"
"4684";"136";"189"
"4685";"63";"90"
"4686";"52";"69"
"4687";"137";"192"
"4688";"33";"47"
"4689";"367";"512"
"4690";"274";"376"
"4691";"177";"248"
"4692";"424";"571"
"4693";"278";"384"
"4694";"152";"211"
"4695";"402";"558"
"4696";"557";"775"
"4697";"208";"296"
"4698";"141";"205"
"4699";"167";"240"
"4700";"212";"301"
"4701";"251";"357"
"4702";"163";"232"
"4703";"230";"329"
"4704";"302";"431"
"4705";"411";"558"
"4706";"361";"498"
"4707";"64";"98"
"4708";"308";"419"
"4709";"516";"707"
"4710";"312";"420"
"4711";"335";"445"
"4712";"140";"193"
"4713";"440";"603"
"4714";"435";"590"
"4715";"83";"112"
"4716";"369";"523"
"4717";"484";"655"
"4718";"70";"102"
"4719";"343";"470"
"4720";"501";"702"
"4721";"434";"604"
"4722";"377";"515"
"4723";"462";"630"
"4724";"481";"652"
"4725";"211";"295"
"4726";"726";"1005"
"4727";"630";"864"
"4728";"164";"227"
"4729";"680";"936"
"4730";"776";"1074"
"4731";"224";"305"
"4732";"501";"700"
"4733";"12";"16"
"4734";"265";"358"
"4735";"289";"396"
"4736";"157";"217"
"4737";"226";"308"
"4738";"335";"463"
"4739";"273";"369"
"4740";"311";"426"
"4741";"290";"401"
"4742";"154";"217"
"4743";"292";"398"
"4744";"324";"444"
"4745";"122";"165"
"4746";"103";"140"
"4747";"259";"359"
"4748";"211";"294"
"4749";"133";"183"
"4750";"295";"403"
"4751";"241";"336"
"4752";"245";"340"
"4753";"588";"819"
"4754";"537";"750"
"4755";"477";"666"
"4756";"185";"253"
"4757";"335";"465"
"4758";"495";"681"
"4759";"181";"255"
"4760";"234";"327"
"4761";"0";"0"
"4762";"542";"746"
"4763";"615";"858"
"4764";"547";"762"
"4765";"441";"627"
"4766";"411";"581"
"4767";"402";"576"
"4768";"312";"463"
"4769";"284";"414"
"4770";"253";"364"
"4771";"164";"237"
"4772";"298";"427"
"4773";"222";"315"
"4774";"495";"690"
"4775";"472";"672"
"4776";"458";"616"
"4777";"551";"735"
"4778";"501";"658"
"4779";"556";"755"
"4780";"611";"834"
"4781";"454";"629"
"4782";"478";"666"
"4783";"339";"476"
"4784";"95";"129"
"4785";"488";"668"
"4786";"915";"1236"
"4787";"519";"701"
"4788";"761";"1086"
"4789";"579";"813"
"4790";"815";"1063"
"4791";"293";"385"
"4792";"360";"474"
"4793";"327";"429"
"4794";"394";"518"
"4795";"535";"751"
"4796";"679";"969"
"4797";"567";"789"
"4798";"664";"944"
"4799";"145";"190"
"4800";"854";"1158"
"4801";"777";"1018"
"4802";"625";"887"
"4803";"480";"640"
"4804";"657";"904"
"4805";"733";"1015"
"4806";"579";"817"
"4807";"430";"626"
"4808";"352";"498"
"4809";"326";"454"
"4810";"337";"475"
"4811";"272";"382"
"4812";"581";"803"
"4813";"156";"228"
"4814";"181";"260"
"4815";"117";"168"
"4816";"250";"359"
"4817";"197";"281"
"4818";"276";"397"
"4819";"111";"160"
"4820";"745";"964"
"4821";"888";"1104"
"4822";"829";"1061"
"4823";"546";"716"
"4824";"570";"763"
"4825";"702";"919"
"4826";"814";"1050"
"4827";"567";"759"
"4828";"724";"938"
"4829";"800";"1018"
"4830";"786";"996"
"4831";"823";"1030"
"4832";"541";"715"
"4833";"869";"1082"
"4834";"775";"1001"
"4835";"916";"1136"
"4836";"934";"1157"
"4837";"559";"731"
"4838";"841";"1050"
"4839";"807";"1040"
"4840";"660";"870"
"4841";"626";"817"
"4842";"630";"821"
"4843";"635";"827"
"4844";"664";"876"
"4845";"670";"872"
"4846";"723";"949"
"4847";"702";"918"
"4848";"720";"945"
"4849";"700";"909"
"4850";"685";"895"
"4851";"832";"1083"
"4852";"788";"1023"
"4853";"790";"1025"
"4854";"810";"1053"
"4855";"808";"1050"
"4856";"880";"1135"
"4857";"899";"1162"
"4858";"909";"1176"
"4859";"870";"1116"
"4860";"160";"207"
"4861";"421";"570"
"4862";"248";"326"
"4863";"160";"207"
"4864";"122";"158"
"4865";"370";"539"
"4866";"183";"259"
"4867";"422";"571"
"4868";"196";"283"
"4869";"121";"157"
"4870";"163";"227"
"4871";"205";"296"
"4872";"239";"341"
"4873";"571";"829"
"4874";"234";"335"
"4875";"129";"184"
"4876";"109";"143"
"4877";"185";"260"
"4878";"322";"472"
"4879";"117";"153"
"4880";"125";"163"
"4881";"322";"471"
"4882";"145";"208"
"4883";"340";"449"
"4884";"450";"617"
"4885";"519";"699"
"4886";"450";"616"
"4887";"341";"450"
"4888";"448";"613"
"4889";"2975";"4076"
"4890";"3017";"4131"
"4891";"2867";"3925"
"4892";"3052";"4189"
"4893";"2908";"3993"
"4894";"3038";"4163"
"4895";"2909";"3994"
"4896";"3058";"4189"
"4897";"2175";"2998"
"4898";"2208";"3047"
"4899";"2219";"3062"
"4900";"2115";"2916"
"4901";"2177";"3004"
"4902";"2269";"3132"
"4903";"284";"360"
"4904";"78";"109"
"4905";"319";"444"
"4906";"323";"450"
"4907";"154";"203"
"4908";"208";"291"
"4909";"339";"463"
"4910";"376";"513"
"4911";"331";"476"
"4912";"241";"328"
"4913";"284";"390"
"4914";"287";"389"
"4915";"258";"344"
"4916";"218";"294"
"4917";"192";"262"
"4918";"186";"256"
"4919";"326";"447"
"4920";"291";"389"
"4921";"293";"428"
"4922";"118";"166"
"4923";"82";"111"
"4924";"99";"136"
"4925";"148";"209"
"4926";"208";"294"
"4927";"182";"258"
"4928";"121";"172"
"4929";"158";"216"
"4930";"175";"254"
"4931";"206";"284"
"4932";"273";"395"
"4933";"269";"386"
"4934";"286";"414"
"4935";"223";"321"
"4936";"189";"269"
"4937";"360";"497"
"4938";"425";"582"
"4939";"312";"443"
"4940";"212";"312"
"4941";"162";"230"
"4942";"129";"177"
"4943";"243";"354"
"4944";"306";"424"
"4945";"126";"161"
"4946";"254";"337"
"4947";"380";"523"
"4948";"328";"445"
"4949";"315";"432"
"4950";"344";"473"
"4951";"359";"487"
"4952";"366";"494"
"4953";"290";"394"
"4954";"337";"461"
"4955";"399";"540"
"4956";"314";"427"
"4957";"266";"358"
"4958";"754";"1053"
"4959";"32";"36"
"4960";"859";"1241"
"4961";"1059";"1364"
"4962";"418";"545"
"4963";"934";"1339"
"4964";"881";"1245"
"4965";"359";"461"
"4966";"654";"861"
"4967";"134";"190"
"4968";"511";"661"
"4969";"613";"781"
"4970";"340";"483"
"4971";"598";"745"
"4972";"489";"602"
"4973";"290";"365"
"4974";"352";"435"
"4975";"218";"279"
"4976";"524";"697"
"4977";"282";"372"
"4978";"129";"172"
"4979";"188";"251"
"4980";"274";"399"
"4981";"583";"756"
"4982";"251";"354"
"4983";"598";"785"
"4984";"489";"663"
"4985";"532";"704"
"4986";"523";"696"
"4987";"347";"440"
"4988";"392";"509"
"4989";"868";"1225"
"4990";"433";"564"
"4991";"770";"1072"
"4992";"788";"1103"
"4993";"312";"420"
"4994";"446";"622"
"4995";"279";"385"
"4996";"141";"192"
"4997";"138";"187"
"4998";"79";"107"
"4999";"49";"66"
"5000";"305";"429"
