OBJECTID;ADDRESS;ID;POINT_X;POINT_Y;NEAR_FID;NEAR_DIST;NEAR_X;NEAR_Y
5006;Москва, Новогорская ул, д.25;39470;37.382428;55.88872;110;0.009655;37.391957;55.887157
5007;Москва, Новогорская ул, д.26;39471;37.386363;55.888573;110;0.005769;37.391957;55.887157
5008;Москва, Новогорская ул, д.27;39472;37.382124;55.888775;110;0.009965;37.391957;55.887157
5009;Москва, Новогорская ул, д.27, корп.1;39473;37.382124;55.888775;110;0.009965;37.391957;55.887157
5010;Москва, Новогорская ул, д.28;39474;37.386417;55.888775;110;0.00577;37.391957;55.887157
5011;Москва, Новогорская ул, д.29, стр.1;39475;37.381729;55.888825;110;0.010363;37.391957;55.887157
5012;Москва, Новогорская ул, д.29, стр.2;39476;37.381729;55.888825;110;0.010363;37.391957;55.887157
5013;Москва, Новогорская ул, д.3;39477;37.389984;55.887669;110;0.002038;37.391957;55.887157
5014;Москва, Новогорская ул, д.30;39478;37.386589;55.889365;110;0.005804;37.391957;55.887157
5015;Москва, Новогорская ул, д.31, стр.1;39479;37.381314;55.889068;110;0.010812;37.391957;55.887157
5016;Москва, Новогорская ул, д.31, стр.Б/Н;39480;37.381314;55.889068;110;0.010812;37.391957;55.887157
5017;Москва, Новогорская ул, д.32;39481;37.385968;55.888594;110;0.006158;37.391957;55.887157
5018;Москва, Новогорская ул, д.32А;39482;37.385968;55.888594;110;0.006158;37.391957;55.887157
5019;Москва, Новогорская ул, д.33;39483;37.380704;55.888836;110;0.011376;37.391957;55.887157
5020;Москва, Новогорская ул, д.34;39484;37.385662;55.888608;110;0.006459;37.391957;55.887157
5021;Москва, Новогорская ул, д.36;39485;37.385231;55.888639;110;0.006886;37.391957;55.887157
5022;Москва, Новогорская ул, д.38;39486;37.384818;55.888527;110;0.007268;37.391957;55.887157
5023;Москва, Новогорская ул, д.4;39487;37.39205;55.887998;110;0.000846;37.391957;55.887157
5024;Москва, Новогорская ул, д.4, стр.1;39488;37.39205;55.887998;110;0.000846;37.391957;55.887157
5025;Москва, Новогорская ул, д.41;39489;37.380776;55.890521;171;0.009735;37.382438;55.900115
5026;Москва, Новогорская ул, д.41А;39490;37.380102;55.890628;171;0.00977;37.382438;55.900115
5027;Москва, Новогорская ул, д.42;39491;37.384;55.888684;110;0.008101;37.391957;55.887157
5028;Москва, Новогорская ул, д.43;39492;37.379419;55.89082;171;0.009772;37.382438;55.900115
5029;Москва, Новогорская ул, д.43А;39493;37.379195;55.890834;171;0.00983;37.382438;55.900115
5030;Москва, Новогорская ул, д.43А, стр.1;39494;37.379006;55.890748;171;0.009974;37.382438;55.900115
5031;Москва, Новогорская ул, д.44;39495;37.384234;55.889008;110;0.00794;37.391957;55.887157
5032;Москва, Новогорская ул, д.45;39496;37.380812;55.890739;171;0.009515;37.382438;55.900115
5033;Москва, Новогорская ул, д.46;39497;37.38365;55.88882;110;0.008471;37.391957;55.887157
5034;Москва, Новогорская ул, д.47;39498;37.380857;55.890991;171;0.009258;37.382438;55.900115
5035;Москва, Новогорская ул, д.48;39499;37.382555;55.889144;110;0.009609;37.391957;55.887157
5036;Москва, Новогорская ул, д.49;39500;37.379554;55.891077;171;0.009486;37.382438;55.900115
5037;Москва, Новогорская ул, д.5;39501;37.389911;55.887407;110;0.00206;37.391957;55.887157
5038;Москва, Новогорская ул, д.50;39502;37.382043;55.889254;110;0.010133;37.391957;55.887157
5039;Москва, Новогорская ул, д.51;39503;37.380982;55.891214;171;0.009019;37.382438;55.900115
5040;Москва, Новогорская ул, д.52;39504;37.381792;55.889325;110;0.010393;37.391957;55.887157
5041;Москва, Новогорская ул, д.53;39505;37.379645;55.891461;171;0.009093;37.382438;55.900115
5042;Москва, Новогорская ул, д.54;39506;37.381495;55.889442;110;0.010708;37.391957;55.887157
5043;Москва, Новогорская ул, д.55;39507;37.380847;55.891461;171;0.008798;37.382438;55.900115
5044;Москва, Новогорская ул, д.56;39508;37.381198;55.889618;171;0.010568;37.382438;55.900115
5045;Москва, Новогорская ул, д.56А;39509;37.381423;55.889774;171;0.010389;37.382438;55.900115
5046;Москва, Новогорская ул, д.57;39510;37.380974;55.891652;171;0.008587;37.382438;55.900115
5047;Москва, Новогорская ул, д.58;39511;37.381386;55.890319;171;0.009851;37.382438;55.900115
5048;Москва, Новогорская ул, д.59;39512;37.379546;55.891774;171;0.008828;37.382438;55.900115
5049;Москва, Новогорская ул, д.6;39513;37.391637;55.888074;110;0.000971;37.391957;55.887157
5050;Москва, Новогорская ул, д.60;39514;37.381513;55.890492;171;0.009667;37.382438;55.900115
5051;Москва, Новогорская ул, д.61;39515;37.381226;55.892016;171;0.008189;37.382438;55.900115
5052;Москва, Новогорская ул, д.62;39516;37.38153;55.890759;171;0.009399;37.382438;55.900115
5053;Москва, Новогорская ул, д.63;39517;37.380678;55.891904;171;0.008396;37.382438;55.900115
5054;Москва, Новогорская ул, д.64, стр.1;39518;37.38163;55.891017;171;0.009133;37.382438;55.900115
5055;Москва, Новогорская ул, д.64, стр.2;39519;37.38163;55.891017;171;0.009133;37.382438;55.900115
5056;Москва, Новогорская ул, д.66;39520;37.382196;55.891283;171;0.008834;37.382438;55.900115
5057;Москва, Новогорская ул, д.68;39521;37.381693;55.891551;171;0.008595;37.382438;55.900115
5058;Москва, Новогорская ул, д.68А;39522;37.382061;55.891687;171;0.008435;37.382438;55.900115
5059;Москва, Новогорская ул, д.69;39523;37.384566;55.897522;171;0.003354;37.382438;55.900115
5060;Москва, Новогорская ул, д.69, корп.1;39524;37.383588;55.897593;171;0.00277;37.382438;55.900115
5061;Москва, Новогорская ул, д.69, корп.2;39525;37.382967;55.89765;171;0.002521;37.382438;55.900115
5062;Москва, Новогорская ул, д.69, корп.3;39526;37.382456;55.89767;171;0.002445;37.382438;55.900115
5063;Москва, Новогорская ул, д.7;39527;37.389911;55.887407;110;0.00206;37.391957;55.887157
5064;Москва, Новогорская ул, д.70;39528;37.381693;55.891551;171;0.008595;37.382438;55.900115
5065;Москва, Новогорская ул, д.71;39529;37.385376;55.897613;172;0.003623;37.38379;55.900872
5066;Москва, Новогорская ул, д.71, корп.1;39530;37.384782;55.897897;172;0.003136;37.38379;55.900872
5067;Москва, Новогорская ул, д.71, корп.2;39531;37.384127;55.898068;171;0.002653;37.382438;55.900115
5068;Москва, Новогорская ул, д.71, корп.3;39532;37.383543;55.898199;171;0.00221;37.382438;55.900115
5069;Москва, Новогорская ул, д.71, корп.4;39533;37.382985;55.89834;171;0.001856;37.382438;55.900115
5070;Москва, Новогорская ул, д.71, корп.5;39534;37.382303;55.898371;171;0.001749;37.382438;55.900115
5071;Москва, Новогорская ул, д.72;39535;37.381647;55.891895;171;0.008257;37.382438;55.900115
5072;Москва, Новогорская ул, д.73;39536;37.38569;55.898027;172;0.00342;37.38379;55.900872
5073;Москва, Новогорская ул, д.73, корп.1;39537;37.385043;55.898179;172;0.002969;37.38379;55.900872
5074;Москва, Новогорская ул, д.73, корп.2;39538;37.384226;55.898471;171;0.002428;37.382438;55.900115
5075;Москва, Новогорская ул, д.73, корп.3;39539;37.383551;55.898644;171;0.001845;37.382438;55.900115
5076;Москва, Новогорская ул, д.73, корп.4;39540;37.383102;55.898704;171;0.001559;37.382438;55.900115
5077;Москва, Новогорская ул, д.73, корп.5;39541;37.382348;55.898804;171;0.001313;37.382438;55.900115
5078;Москва, Новогорская ул, д.74, стр.1;39542;37.381647;55.891895;171;0.008257;37.382438;55.900115
5079;Москва, Новогорская ул, д.74, стр.2;39543;37.381647;55.891895;171;0.008257;37.382438;55.900115
5080;Москва, Новогорская ул, д.8;39544;37.391233;55.888149;110;0.001228;37.391957;55.887157
5081;Москва, Новогорская ул, д.9;39545;37.389337;55.887836;110;0.002706;37.391957;55.887157
5082;Москва, Новокуркинское шоссе, д.25, корп.1;39546;37.397234;55.898653;174;0.001267;37.396078;55.899173
5083;Москва, Новокуркинское шоссе, д.25, корп.2;39547;37.395256;55.898804;174;0.000899;37.396078;55.899173
5084;Москва, Новокуркинское шоссе, д.27;39548;37.397403;55.899613;174;0.001397;37.396078;55.899173
5085;Москва, Новокуркинское шоссе, д.29;39549;37.397216;55.900192;174;0.001528;37.396078;55.899173
5086;Москва, Новокуркинское шоссе, д.31;39550;37.395931;55.900749;174;0.001582;37.396078;55.899173
5087;Москва, Новокуркинское шоссе, д.33;39551;37.394602;55.900742;174;0.002154;37.396078;55.899173
5088;Москва, Новокуркинское шоссе, д.35;39552;37.392813;55.901142;113;0.003613;37.392278;55.897568
5089;Москва, Новокуркинское шоссе, д.35, корп.1;39553;37.392211;55.900273;113;0.002706;37.392278;55.897568
5090;Москва, Новокуркинское шоссе, д.35, корп.2;39554;37.393371;55.899875;113;0.002552;37.392278;55.897568
5091;Москва, Родионовская ул, д.10, корп.1;39555;37.390127;55.895525;113;0.002965;37.392278;55.897568
5092;Москва, Родионовская ул, д.10, корп.1, стр.1;39556;37.39082;55.895348;113;0.002655;37.392278;55.897568
5093;Москва, Родионовская ул, д.10, корп.1, стр.2;39557;37.391142;55.894928;113;0.002872;37.392278;55.897568
5094;Москва, Родионовская ул, д.10, корп.1, стр.3;39558;37.391178;55.894874;113;0.002909;37.392278;55.897568
5095;Москва, Родионовская ул, д.10А;39559;37.392795;55.896241;113;0.001424;37.392278;55.897568
5096;Москва, Родионовская ул, д.11;39560;37.393389;55.893162;114;0.002394;37.395543;55.894208
5097;Москва, Родионовская ул, д.11, стр.1;39561;37.394;55.892954;114;0.001987;37.395543;55.894208
5098;Москва, Родионовская ул, д.12;39562;37.389607;55.893853;113;0.004574;37.392278;55.897568
5099;Москва, Родионовская ул, д.12, корп.1;39563;37.390335;55.894671;113;0.003487;37.392278;55.897568
5100;Москва, Родионовская ул, д.12, корп.3;39564;37.390335;55.894671;113;0.003487;37.392278;55.897568
5101;Москва, Родионовская ул, д.12, стр.1;39565;37.389939;55.89409;113;0.00419;37.392278;55.897568
5102;Москва, Родионовская ул, д.12, стр.2;39566;37.390451;55.894076;113;0.003941;37.392278;55.897568
5103;Москва, Родионовская ул, д.13;39567;37.391637;55.893328;114;0.004003;37.395543;55.894208
5104;Москва, Родионовская ул, д.13, корп.1;39568;37.391924;55.893035;114;0.003803;37.395543;55.894208
5105;Москва, Родионовская ул, д.13, корп.2;39569;37.391412;55.893021;114;0.004297;37.395543;55.894208
5106;Москва, Родионовская ул, д.13, корп.3;39570;37.391951;55.892374;114;0.004032;37.395543;55.894208
5107;Москва, Родионовская ул, д.13, корп.4;39571;37.391394;55.89236;114;0.004541;37.395543;55.894208
5108;Москва, Родионовская ул, д.13, корп.5;39572;37.39151;55.89182;110;0.004684;37.391957;55.887157
5109;Москва, Родионовская ул, д.14, корп.4, стр.1;39573;37.389607;55.893853;113;0.004574;37.392278;55.897568
5110;Москва, Родионовская ул, д.15;39574;37.390622;55.893299;113;0.004578;37.392278;55.897568
5111;Москва, Родионовская ул, д.15, корп.1;39575;37.390918;55.89301;113;0.004755;37.392278;55.897568
5112;Москва, Родионовская ул, д.15, корп.2;39576;37.390423;55.892991;113;0.004938;37.392278;55.897568
5113;Москва, Родионовская ул, д.15, корп.3;39577;37.390685;55.892505;114;0.005147;37.395543;55.894208
5114;Москва, Родионовская ул, д.15, корп.4;39578;37.390721;55.892177;110;0.00517;37.391957;55.887157
5115;Москва, Родионовская ул, д.15, корп.5;39579;37.391025;55.891667;110;0.004606;37.391957;55.887157
5116;Москва, Родионовская ул, д.15, корп.6;39580;37.390523;55.891658;110;0.004723;37.391957;55.887157
5117;Москва, Родионовская ул, д.16;39581;37.381683;55.893267;171;0.006888;37.382438;55.900115
5118;Москва, Родионовская ул, д.16, корп.1;39582;37.37951;55.894479;171;0.00635;37.382438;55.900115
5119;Москва, Родионовская ул, д.16, корп.1, стр.1;39583;37.381683;55.893267;171;0.006888;37.382438;55.900115
5120;Москва, Родионовская ул, д.16, корп.12;39584;37.385924;55.896659;172;0.004721;37.38379;55.900872
5121;Москва, Родионовская ул, д.16, корп.3;39585;37.38065;55.893965;171;0.006404;37.382438;55.900115
5122;Москва, Родионовская ул, д.16, корп.3А;39586;37.383246;55.893183;171;0.006979;37.382438;55.900115
5123;Москва, Родионовская ул, д.16, корп.4;39587;37.383902;55.892434;171;0.007818;37.382438;55.900115
5124;Москва, Родионовская ул, д.16, корп.5;39588;37.383175;55.892581;171;0.007568;37.382438;55.900115
5125;Москва, Родионовская ул, д.16, корп.6;39589;37.382456;55.892863;171;0.007251;37.382438;55.900115
5126;Москва, Родионовская ул, д.16, корп.8;39590;37.382456;55.892081;171;0.008033;37.382438;55.900115
5127;Москва, Родионовская ул, д.16, стр.1;39591;37.381683;55.893267;171;0.006888;37.382438;55.900115
5128;Москва, Родионовская ул, д.16, стр.10;39592;37.381683;55.893267;171;0.006888;37.382438;55.900115
5129;Москва, Родионовская ул, д.16, стр.11;39593;37.381683;55.893267;171;0.006888;37.382438;55.900115
5130;Москва, Родионовская ул, д.16, стр.12;39594;37.386264;55.894177;113;0.006903;37.392278;55.897568
5131;Москва, Родионовская ул, д.16, стр.13;39595;37.386723;55.894313;113;0.006438;37.392278;55.897568
5132;Москва, Родионовская ул, д.16, стр.14;39596;37.386669;55.893919;113;0.006691;37.392278;55.897568
5133;Москва, Родионовская ул, д.16, стр.15;39597;37.385797;55.893945;171;0.007025;37.382438;55.900115
5134;Москва, Родионовская ул, д.16, стр.16;39598;37.385924;55.894383;171;0.006707;37.382438;55.900115
5135;Москва, Родионовская ул, д.16, стр.17;39599;37.381683;55.893267;171;0.006888;37.382438;55.900115
5136;Москва, Родионовская ул, д.16, стр.18;39600;37.381683;55.893267;171;0.006888;37.382438;55.900115
5137;Москва, Родионовская ул, д.16, стр.19;39601;37.381683;55.893267;171;0.006888;37.382438;55.900115
5138;Москва, Родионовская ул, д.16, стр.2;39602;37.381683;55.893267;171;0.006888;37.382438;55.900115
5139;Москва, Родионовская ул, д.16, стр.20;39603;37.381683;55.893267;171;0.006888;37.382438;55.900115
5140;Москва, Родионовская ул, д.16, стр.21;39604;37.381683;55.893267;171;0.006888;37.382438;55.900115
5141;Москва, Родионовская ул, д.16, стр.22;39605;37.381683;55.893267;171;0.006888;37.382438;55.900115
5142;Москва, Родионовская ул, д.16, стр.23;39606;37.381683;55.893267;171;0.006888;37.382438;55.900115
5143;Москва, Родионовская ул, д.16, стр.24;39607;37.381683;55.893267;171;0.006888;37.382438;55.900115
5144;Москва, Родионовская ул, д.16, стр.25;39608;37.381683;55.893267;171;0.006888;37.382438;55.900115
5145;Москва, Родионовская ул, д.16, стр.3;39609;37.380847;55.894899;171;0.005452;37.382438;55.900115
5146;Москва, Родионовская ул, д.16, стр.4;39610;37.380281;55.895838;171;0.004789;37.382438;55.900115
5147;Москва, Родионовская ул, д.16, стр.5;39611;37.381827;55.896427;171;0.003737;37.382438;55.900115
5148;Москва, Родионовская ул, д.16, стр.6;39612;37.382599;55.896968;171;0.003151;37.382438;55.900115
5149;Москва, Родионовская ул, д.16, стр.7;39613;37.382825;55.896291;171;0.003842;37.382438;55.900115
5150;Москва, Родионовская ул, д.16, стр.8;39614;37.383569;55.896836;171;0.003467;37.382438;55.900115
5151;Москва, Родионовская ул, д.16, стр.9;39615;37.38383;55.896155;171;0.004196;37.382438;55.900115
5152;Москва, Родионовская ул, д.17;39616;37.389615;55.893278;113;0.005048;37.392278;55.897568
5153;Москва, Родионовская ул, д.17, корп.1;39617;37.389911;55.89298;113;0.005161;37.392278;55.897568
5154;Москва, Родионовская ул, д.17, корп.2;39618;37.389408;55.89297;113;0.005419;37.392278;55.897568
5155;Москва, Родионовская ул, д.17, корп.3;39619;37.390074;55.892308;110;0.005485;37.391957;55.887157
5156;Москва, Родионовская ул, д.17, корп.4;39620;37.38949;55.89238;110;0.005776;37.391957;55.887157
5157;Москва, Родионовская ул, д.17, корп.5;39621;37.39002;55.891647;110;0.00489;37.391957;55.887157
5158;Москва, Родионовская ул, д.17, корп.6;39622;37.389517;55.891627;110;0.005093;37.391957;55.887157
5159;Москва, Родионовская ул, д.17, корп.7;39623;37.39029;55.891339;110;0.004502;37.391957;55.887157
5160;Москва, Родионовская ул, д.18;39624;37.385609;55.893314;171;0.007503;37.382438;55.900115
5161;Москва, Родионовская ул, д.18, корп.1;39625;37.384935;55.89234;171;0.008166;37.382438;55.900115
5162;Москва, Родионовская ул, д.18, корп.2;39626;37.384073;55.891779;171;0.008494;37.382438;55.900115
5163;Москва, Родионовская ул, д.2;39627;37.400071;55.894606;116;0.001737;37.398683;55.89565
5164;Москва, Родионовская ул, д.2, корп.1;39628;37.399713;55.895241;116;0.001107;37.398683;55.89565
5165;Москва, Родионовская ул, д.3;39629;37.398033;55.893283;115;0.001241;37.397645;55.894462
5166;Москва, Родионовская ул, д.3, корп.1;39630;37.398176;55.892678;111;0.001808;37.398425;55.890887
5167;Москва, Родионовская ул, д.5;39631;37.396873;55.893252;115;0.001433;37.397645;55.894462
5168;Москва, Родионовская ул, д.5, корп.1;39632;37.395464;55.892617;114;0.001592;37.395543;55.894208
5169;Москва, Родионовская ул, д.5, стр.1;39633;37.396784;55.892658;114;0.001985;37.395543;55.894208
5170;Москва, Родионовская ул, д.7;39634;37.395697;55.893223;114;0.000996;37.395543;55.894208
5171;Москва, Родионовская ул, д.7, стр.1;39635;37.396325;55.893026;114;0.001417;37.395543;55.894208
5172;Москва, Родионовская ул, д.8;39636;37.395777;55.894192;114;0.000235;37.395543;55.894208
5173;Москва, Родионовская ул, д.9;39637;37.394431;55.893198;114;0.001502;37.395543;55.894208
5174;Москва, Соколово-Мещерская ул, д.14;39638;37.390568;55.896038;113;0.002293;37.392278;55.897568
5175;Москва, Соколово-Мещерская ул, д.14, корп.1;39639;37.390667;55.896861;113;0.001758;37.392278;55.897568
5176;Москва, Соколово-Мещерская ул, д.14, стр.1;39640;37.39028;55.896306;113;0.002361;37.392278;55.897568
5177;Москва, Соколово-Мещерская ул, д.14, стр.2;39641;37.391492;55.897412;113;0.0008;37.392278;55.897568
5178;Москва, Соколово-Мещерская ул, д.14, стр.3;39642;37.391456;55.897372;113;0.000844;37.392278;55.897568
5179;Москва, Соколово-Мещерская ул, д.16/114;39643;37.390155;55.897674;113;0.002125;37.392278;55.897568
5180;Москва, Соколово-Мещерская ул, д.2;39644;37.38683;55.890689;110;0.006225;37.391957;55.887157
5181;Москва, Соколово-Мещерская ул, д.2, корп.1;39645;37.388294;55.891269;110;0.005506;37.391957;55.887157
5182;Москва, Соколово-Мещерская ул, д.22, корп.1;39646;37.39002;55.900047;113;0.003353;37.392278;55.897568
5183;Москва, Соколово-Мещерская ул, д.26;39647;37.387162;55.901374;180;0.003313;37.384486;55.903326
5184;Москва, Соколово-Мещерская ул, д.26, корп.1;39648;37.388312;55.901696;180;0.004159;37.384486;55.903326
5185;Москва, Соколово-Мещерская ул, д.28;39649;37.386427;55.902252;180;0.002218;37.384486;55.903326
5186;Москва, Соколово-Мещерская ул, д.4;39650;37.386705;55.892157;110;0.007252;37.391957;55.887157
5187;Москва, Соколово-Мещерская ул, д.4, корп.1;39651;37.38833;55.891849;110;0.00593;37.391957;55.887157
5188;Москва, Соколово-Мещерская ул, д.4, корп.2;39652;37.388655;55.89253;113;0.006204;37.392278;55.897568
5189;Москва, Соколово-Мещерская ул, д.6/19;39653;37.387944;55.893111;113;0.006215;37.392278;55.897568
5190;Москва, Соловьиная Роща ул, д.10;39654;37.400556;55.892718;111;0.00281;37.398425;55.890887
5191;Москва, Соловьиная Роща ул, д.11;39655;37.396774;55.89676;116;0.002207;37.398683;55.89565
5192;Москва, Соловьиная Роща ул, д.11, корп.1;39656;37.395518;55.89676;173;0.001412;37.394254;55.897392
5193;Москва, Соловьиная Роща ул, д.12/4;39657;37.398994;55.89447;116;0.00122;37.398683;55.89565
5194;Москва, Соловьиная Роща ул, д.14;39658;37.398724;55.895574;116;0.000085;37.398683;55.89565
5195;Москва, Соловьиная Роща ул, д.2;39659;37.402434;55.888836;200;0.002884;37.402707;55.885964
5196;Москва, Соловьиная Роща ул, д.3;39660;37.398984;55.889719;111;0.001294;37.398425;55.890887
5197;Москва, Соловьиная Роща ул, д.3, корп.1;39661;37.397961;55.8903;111;0.000748;37.398425;55.890887
5198;Москва, Соловьиная Роща ул, д.4;39662;37.401967;55.889926;111;0.003671;37.398425;55.890887
5199;Москва, Соловьиная Роща ул, д.6;39663;37.400917;55.890507;111;0.00252;37.398425;55.890887
5200;Москва, Соловьиная Роща ул, д.8;39664;37.401132;55.891516;111;0.002779;37.398425;55.890887
5201;Москва, Соловьиная Роща ул, д.8, корп.1;39665;37.400009;55.891884;111;0.001872;37.398425;55.890887
5202;Москва, Соловьиная Роща ул, д.8, корп.2;39666;37.402569;55.891531;111;0.004194;37.398425;55.890887
5203;Москва, Соловьиная Роща ул, д.8, стр.1;39667;37.400889;55.89133;111;0.002504;37.398425;55.890887
5204;Москва, Соловьиная Роща ул, д.8, стр.2;39668;37.401195;55.891294;111;0.002799;37.398425;55.890887
5205;Москва, Соловьиная Роща ул, д.9;39669;37.396919;55.895757;115;0.001484;37.397645;55.894462
5206;Москва, Соловьиная Роща ул, д.9, корп.1;39670;37.396335;55.894939;114;0.001077;37.395543;55.894208
5207;Москва, Юровская ул, д.1;39671;37.368945;55.897761;178;0.013552;37.381313;55.903304
5208;Москва, Юровская ул, д.10;39672;37.370967;55.89876;178;0.011299;37.381313;55.903304
5209;Москва, Юровская ул, д.101;39673;37.390693;55.898597;113;0.001889;37.392278;55.897568
5210;Москва, Юровская ул, д.10А;39674;37.371343;55.898134;178;0.011229;37.381313;55.903304
5211;Москва, Юровская ул, д.11;39675;37.370464;55.899138;178;0.011621;37.381313;55.903304
5212;Москва, Юровская ул, д.11А;39676;37.370624;55.899551;178;0.011327;37.381313;55.903304
5213;Москва, Юровская ул, д.12;39677;37.371388;55.898769;178;0.01091;37.381313;55.903304
5214;Москва, Юровская ул, д.120;39678;37.394304;55.897377;173;0.000053;37.394254;55.897392
5215;Москва, Юровская ул, д.13;39679;37.370733;55.899143;178;0.011368;37.381313;55.903304
5216;Москва, Юровская ул, д.13, стр.1Б/Н;39680;37.370733;55.899143;178;0.011368;37.381313;55.903304
5217;Москва, Юровская ул, д.13, стр.Б/Н;39681;37.370733;55.899143;178;0.011368;37.381313;55.903304
5218;Москва, Юровская ул, д.14, стр.1;39682;37.371604;55.898784;178;0.010708;37.381313;55.903304
5219;Москва, Юровская ул, д.15;39683;37.375404;55.892188;171;0.010597;37.382438;55.900115
5220;Москва, Юровская ул, д.16;39684;37.372081;55.898714;178;0.010309;37.381313;55.903304
5221;Москва, Юровская ул, д.17;39685;37.371668;55.899224;178;0.010472;37.381313;55.903304
5222;Москва, Юровская ул, д.18, стр.1;39686;37.372081;55.898714;178;0.010309;37.381313;55.903304
5223;Москва, Юровская ул, д.19;39687;37.372036;55.899213;178;0.010138;37.381313;55.903304
5224;Москва, Юровская ул, д.2;39688;37.369431;55.898436;178;0.01284;37.381313;55.903304
5225;Москва, Юровская ул, д.20, стр.1;39689;37.372781;55.898885;178;0.009608;37.381313;55.903304
5226;Москва, Юровская ул, д.21;39690;37.372036;55.899213;178;0.010138;37.381313;55.903304
5227;Москва, Юровская ул, д.22;39691;37.373158;55.898891;178;0.009271;37.381313;55.903304
5228;Москва, Юровская ул, д.23;39692;37.37287;55.899309;178;0.009339;37.381313;55.903304
5229;Москва, Юровская ул, д.24;39693;37.373553;55.898946;178;0.008898;37.381313;55.903304
5230;Москва, Юровская ул, д.25;39694;37.373292;55.899279;178;0.008972;37.381313;55.903304
5231;Москва, Юровская ул, д.26;39695;37.373868;55.898932;178;0.008633;37.381313;55.903304
5232;Москва, Юровская ул, д.27;39696;37.373625;55.89934;178;0.008648;37.381313;55.903304
5233;Москва, Юровская ул, д.28;39697;37.374191;55.898992;171;0.008322;37.382438;55.900115
5234;Москва, Юровская ул, д.29;39698;37.373805;55.899667;178;0.008341;37.381313;55.903304
5235;Москва, Юровская ул, д.3;39699;37.368945;55.897761;178;0.013552;37.381313;55.903304
5236;Москва, Юровская ул, д.30;39700;37.374416;55.898597;171;0.008164;37.382438;55.900115
5237;Москва, Юровская ул, д.31;39701;37.373903;55.89934;178;0.008402;37.381313;55.903304
5238;Москва, Юровская ул, д.32;39702;37.374802;55.897674;171;0.008015;37.382438;55.900115
5239;Москва, Юровская ул, д.33;39703;37.37429;55.899522;178;0.007975;37.381313;55.903304
5240;Москва, Юровская ул, д.34;39704;37.374352;55.89781;171;0.008406;37.382438;55.900115
5241;Москва, Юровская ул, д.35;39705;37.374775;55.899542;178;0.007542;37.381313;55.903304
5242;Москва, Юровская ул, д.36;39706;37.373858;55.89765;171;0.008926;37.382438;55.900115
5243;Москва, Юровская ул, д.37;39707;37.375198;55.89939;178;0.007259;37.381313;55.903304
5244;Москва, Юровская ул, д.38;39708;37.373257;55.897806;171;0.009465;37.382438;55.900115
5245;Москва, Юровская ул, д.39;39709;37.375718;55.899455;171;0.006751;37.382438;55.900115
5246;Москва, Юровская ул, д.4;39710;37.369898;55.898588;178;0.01235;37.381313;55.903304
5247;Москва, Юровская ул, д.40;39711;37.372969;55.89769;171;0.009773;37.382438;55.900115
5248;Москва, Юровская ул, д.41;39712;37.375665;55.898916;171;0.006878;37.382438;55.900115
5249;Москва, Юровская ул, д.42;39713;37.372269;55.898179;171;0.010351;37.382438;55.900115
5250;Москва, Юровская ул, д.43, стр.1;39714;37.375431;55.898749;171;0.007138;37.382438;55.900115
5251;Москва, Юровская ул, д.43, стр.2;39715;37.375431;55.898749;171;0.007138;37.382438;55.900115
5252;Москва, Юровская ул, д.43, стр.4;39716;37.375431;55.898749;171;0.007138;37.382438;55.900115
5253;Москва, Юровская ул, д.44;39717;37.372206;55.897508;171;0.010557;37.382438;55.900115
5254;Москва, Юровская ул, д.45, стр.1;39718;37.375287;55.898503;171;0.007329;37.382438;55.900115
5255;Москва, Юровская ул, д.45А;39719;37.37571;55.898508;171;0.006917;37.382438;55.900115
5256;Москва, Юровская ул, д.47;39720;37.375404;55.89828;171;0.007268;37.382438;55.900115
5257;Москва, Юровская ул, д.49;39721;37.375566;55.898088;171;0.007164;37.382438;55.900115
5258;Москва, Юровская ул, д.5;39722;37.374102;55.893707;171;0.010514;37.382438;55.900115
5259;Москва, Юровская ул, д.51;39723;37.375772;55.89775;171;0.007071;37.382438;55.900115
5260;Москва, Юровская ул, д.52;39724;37.372592;55.897589;171;0.010163;37.382438;55.900115
5261;Москва, Юровская ул, д.53;39725;37.375746;55.897528;171;0.007174;37.382438;55.900115
5262;Москва, Юровская ул, д.55, стр.1;39726;37.37579;55.897357;171;0.007196;37.382438;55.900115
5263;Москва, Юровская ул, д.55, стр.2;39727;37.37605;55.897305;171;0.006977;37.382438;55.900115
5264;Москва, Юровская ул, д.57;39728;37.37729;55.897755;171;0.005661;37.382438;55.900115
5265;Москва, Юровская ул, д.59;39729;37.372924;55.897155;171;0.009962;37.382438;55.900115
5266;Москва, Юровская ул, д.59А;39730;37.372924;55.897155;171;0.009962;37.382438;55.900115
5267;Москва, Юровская ул, д.6;39731;37.370157;55.898653;178;0.012085;37.381313;55.903304
5268;Москва, Юровская ул, д.63;39732;37.374228;55.896852;171;0.008834;37.382438;55.900115
5269;Москва, Юровская ул, д.65;39733;37.374586;55.896716;171;0.008555;37.382438;55.900115
5270;Москва, Юровская ул, д.67;39734;37.37499;55.89659;171;0.008239;37.382438;55.900115
5271;Москва, Юровская ул, д.69;39735;37.375396;55.896418;171;0.007953;37.382438;55.900115
5272;Москва, Юровская ул, д.7, стр.1;39736;37.374838;55.893339;171;0.010181;37.382438;55.900115
5273;Москва, Юровская ул, д.71;39737;37.375863;55.896256;171;0.007623;37.382438;55.900115
5274;Москва, Юровская ул, д.73;39738;37.376159;55.896105;171;0.00745;37.382438;55.900115
5275;Москва, Юровская ул, д.8;39739;37.370617;55.898704;178;0.011643;37.381313;55.903304
5276;Москва, Юровская ул, д.9;39740;37.369754;55.899567;178;0.012147;37.381313;55.903304
5277;Москва, Юровская ул, д.9, корп.1;39741;37.369754;55.899567;178;0.012147;37.381313;55.903304
5278;Москва, Юровская ул, д.9, стр.1;39742;37.369754;55.899567;178;0.012147;37.381313;55.903304
5279;Москва, Юровская ул, д.92;39743;37.379177;55.898876;171;0.003488;37.382438;55.900115
5280;Москва, Юровская ул, д.92, корп.1;39744;37.379312;55.898613;171;0.003467;37.382438;55.900115
5281;Москва, Юровская ул, д.92, корп.10;39745;37.377335;55.897053;171;0.005949;37.382438;55.900115
5282;Москва, Юровская ул, д.92, корп.11;39746;37.379842;55.896988;171;0.004064;37.382438;55.900115
5283;Москва, Юровская ул, д.92, корп.12;39747;37.379087;55.89727;171;0.004394;37.382438;55.900115
5284;Москва, Юровская ул, д.92, корп.13;39748;37.379276;55.896731;171;0.004631;37.382438;55.900115
5285;Москва, Юровская ул, д.92, корп.13, стр.1;39749;37.378845;55.89661;171;0.005019;37.382438;55.900115
5286;Москва, Юровская ул, д.92, корп.14;39750;37.378386;55.896832;171;0.005214;37.382438;55.900115
5287;Москва, Юровская ул, д.92, корп.15;39751;37.378422;55.896483;171;0.005413;37.382438;55.900115
5288;Москва, Юровская ул, д.92, корп.16;39752;37.377893;55.896711;171;0.005678;37.382438;55.900115
5289;Москва, Юровская ул, д.92, корп.17;39753;37.377838;55.896337;171;0.005951;37.382438;55.900115
5290;Москва, Юровская ул, д.92, корп.18;39754;37.377389;55.89659;171;0.006156;37.382438;55.900115
5291;Москва, Юровская ул, д.92, корп.19;39755;37.377254;55.896235;171;0.006473;37.382438;55.900115
5292;Москва, Юровская ул, д.92, корп.2;39756;37.377983;55.898523;171;0.00473;37.382438;55.900115
5293;Москва, Юровская ул, д.92, корп.20;39757;37.376904;55.896523;171;0.006596;37.382438;55.900115
5294;Москва, Юровская ул, д.92, корп.21;39758;37.375566;55.89674;171;0.007655;37.382438;55.900115
5295;Москва, Юровская ул, д.92, корп.22;39759;37.375206;55.896952;171;0.007892;37.382438;55.900115
5296;Москва, Юровская ул, д.92, корп.23;39760;37.374713;55.897236;171;0.008244;37.382438;55.900115
5297;Москва, Юровская ул, д.92, корп.24;39761;37.376177;55.89661;171;0.007175;37.382438;55.900115
5298;Москва, Юровская ул, д.92, корп.25;39762;37.376733;55.896195;171;0.00692;37.382438;55.900115
5299;Москва, Юровская ул, д.92, корп.26;39763;37.376886;55.89609;171;0.006856;37.382438;55.900115
5300;Москва, Юровская ул, д.92, корп.27;39764;37.374102;55.897352;171;0.008781;37.382438;55.900115
5301;Москва, Юровская ул, д.92, корп.28;39765;37.380273;55.897241;171;0.003598;37.382438;55.900115
5302;Москва, Юровская ул, д.92, корп.3;39766;37.379258;55.898264;171;0.003678;37.382438;55.900115
5303;Москва, Юровская ул, д.92, корп.4;39767;37.378072;55.898195;171;0.004768;37.382438;55.900115
5304;Москва, Юровская ул, д.92, корп.5;39768;37.37933;55.897906;171;0.003812;37.382438;55.900115
5305;Москва, Юровская ул, д.92, корп.6;39769;37.378215;55.897862;171;0.004785;37.382438;55.900115
5306;Москва, Юровская ул, д.92, корп.7;39770;37.379365;55.897554;171;0.003999;37.382438;55.900115
5307;Москва, Юровская ул, д.92, корп.8;39771;37.378152;55.897534;171;0.005002;37.382438;55.900115
5308;Москва, Юровская ул, д.92, корп.9;39772;37.379528;55.897169;171;0.00414;37.382438;55.900115
5309;Москва, Юровская ул, д.93, корп.1;39773;37.374749;55.900471;178;0.007149;37.381313;55.903304
5310;Москва, Юровская ул, д.93, корп.1, стр.1;39774;37.374191;55.900157;178;0.007784;37.381313;55.903304
5311;Москва, Юровская ул, д.93, корп.1, стр.2;39775;37.375907;55.900313;178;0.006176;37.381313;55.903304
5312;Москва, Юровская ул, д.93, корп.1, стр.3;39776;37.376257;55.900425;178;0.005816;37.381313;55.903304
5313;Москва, Юровская ул, д.93, корп.1, стр.4;39777;37.376761;55.900577;178;0.005306;37.381313;55.903304
5314;Москва, Юровская ул, д.93, корп.10;39778;37.373086;55.90208;178;0.008316;37.381313;55.903304
5315;Москва, Юровская ул, д.93, корп.11;39779;37.370705;55.900344;178;0.011011;37.381313;55.903304
5316;Москва, Юровская ул, д.93, корп.12;39780;37.371478;55.900375;178;0.01026;37.381313;55.903304
5317;Москва, Юровская ул, д.93, корп.13;39781;37.371172;55.900546;178;0.010508;37.381313;55.903304
5318;Москва, Юровская ул, д.93, корп.14;39782;37.370796;55.900688;178;0.010837;37.381313;55.903304
5319;Москва, Юровская ул, д.93, корп.15;39783;37.37066;55.900925;178;0.010914;37.381313;55.903304
5320;Москва, Юровская ул, д.93, корп.16;39784;37.370796;55.901111;178;0.010743;37.381313;55.903304
5321;Москва, Юровская ул, д.93, корп.17;39785;37.371011;55.901363;178;0.010482;37.381313;55.903304
5322;Москва, Юровская ул, д.93, корп.18;39786;37.370921;55.901622;178;0.010526;37.381313;55.903304
5323;Москва, Юровская ул, д.93, корп.19;39787;37.370985;55.901888;178;0.010424;37.381313;55.903304
5324;Москва, Юровская ул, д.93, корп.2;39788;37.37287;55.90036;178;0.00894;37.381313;55.903304
5325;Москва, Юровская ул, д.93, корп.2, стр.1;39789;37.372413;55.900117;178;0.009453;37.381313;55.903304
5326;Москва, Юровская ул, д.93, корп.20;39790;37.37138;55.902152;178;0.009999;37.381313;55.903304
5327;Москва, Юровская ул, д.93, корп.21;39791;37.371891;55.902429;178;0.009461;37.381313;55.903304
5328;Москва, Юровская ул, д.93, корп.22;39792;37.372421;55.902625;178;0.008916;37.381313;55.903304
5329;Москва, Юровская ул, д.93, корп.22, стр.1;39793;37.372421;55.902625;178;0.008916;37.381313;55.903304
5330;Москва, Юровская ул, д.93, корп.23;39794;37.372781;55.902761;178;0.008549;37.381313;55.903304
5331;Москва, Юровская ул, д.93, корп.24;39795;37.373292;55.902818;178;0.008034;37.381313;55.903304
5332;Москва, Юровская ул, д.93, корп.25;39796;37.373391;55.903065;178;0.007924;37.381313;55.903304
5333;Москва, Юровская ул, д.93, корп.26;39797;37.373832;55.90319;178;0.007481;37.381313;55.903304
5334;Москва, Юровская ул, д.93, корп.27;39798;37.374155;55.902974;178;0.007164;37.381313;55.903304
5335;Москва, Юровская ул, д.93, корп.28;39799;37.373877;55.902601;178;0.007469;37.381313;55.903304
5336;Москва, Юровская ул, д.93, корп.29;39800;37.374352;55.90254;178;0.007001;37.381313;55.903304
5337;Москва, Юровская ул, д.93, корп.3;39801;37.373436;55.900894;178;0.008236;37.381313;55.903304
5338;Москва, Юровская ул, д.93, корп.30;39802;37.375764;55.901399;178;0.005866;37.381313;55.903304
5339;Москва, Юровская ул, д.93, корп.31;39803;37.375835;55.901166;178;0.005879;37.381313;55.903304
5340;Москва, Юровская ул, д.93, корп.32;39804;37.375467;55.900981;178;0.00629;37.381313;55.903304
5341;Москва, Юровская ул, д.93, корп.33;39805;37.375808;55.900813;178;0.006041;37.381313;55.903304
5342;Москва, Юровская ул, д.93, корп.34;39806;37.376257;55.900758;178;0.005659;37.381313;55.903304
5343;Москва, Юровская ул, д.93, корп.35;39807;37.376257;55.900758;178;0.005659;37.381313;55.903304
5344;Москва, Юровская ул, д.93, корп.36;39808;37.376257;55.900758;178;0.005659;37.381313;55.903304
5345;Москва, Юровская ул, д.93, корп.37;39809;37.376257;55.900758;178;0.005659;37.381313;55.903304
5346;Москва, Юровская ул, д.93, корп.38;39810;37.376257;55.900758;178;0.005659;37.381313;55.903304
5347;Москва, Юровская ул, д.93, корп.39;39811;37.376257;55.900758;178;0.005659;37.381313;55.903304
5348;Москва, Юровская ул, д.93, корп.4;39812;37.374891;55.901131;178;0.006778;37.381313;55.903304
5349;Москва, Юровская ул, д.93, корп.40;39813;37.376257;55.900758;178;0.005659;37.381313;55.903304
5350;Москва, Юровская ул, д.93, корп.41;39814;37.376257;55.900758;178;0.005659;37.381313;55.903304
5351;Москва, Юровская ул, д.93, корп.5;39815;37.371748;55.900773;178;0.009893;37.381313;55.903304
5352;Москва, Юровская ул, д.93, корп.6;39816;37.372655;55.901193;178;0.00891;37.381313;55.903304
5353;Москва, Юровская ул, д.93, корп.7;39817;37.373329;55.901696;178;0.008144;37.381313;55.903304
5354;Москва, Юровская ул, д.93, корп.8;39818;37.374461;55.902131;178;0.006951;37.381313;55.903304
5355;Москва, Юровская ул, д.93, корп.9;39819;37.372089;55.901667;178;0.009367;37.381313;55.903304
5356;Москва, Юровская ул, д.93, корп.9, стр.1;39820;37.372368;55.902308;178;0.009;37.381313;55.903304
5357;Москва, Юровская ул, д.94;39821;37.380741;55.898986;171;0.002037;37.382438;55.900115
5358;Москва, Юровская ул, д.94, корп.1;39822;37.381296;55.899042;171;0.001565;37.382438;55.900115
5359;Москва, Юровская ул, д.94, корп.2;39823;37.381485;55.89827;171;0.002076;37.382438;55.900115
5360;Москва, Юровская ул, д.94, корп.3;39824;37.381513;55.897639;171;0.002642;37.382438;55.900115
5361;Москва, Юровская ул, д.94, корп.4;39825;37.380632;55.897574;171;0.003116;37.382438;55.900115
5362;Москва, Юровская ул, д.94, корп.5;39826;37.380722;55.898108;171;0.002639;37.382438;55.900115
5363;Москва, Юровская ул, д.94, корп.6;39827;37.380507;55.898432;171;0.002561;37.382438;55.900115
5364;Москва, Юровская ул, д.94, корп.7;39828;37.379985;55.898916;171;0.002729;37.382438;55.900115
5365;Москва, Юровская ул, д.95;39829;37.37702;55.89998;171;0.005418;37.382438;55.900115
5366;Москва, Юровская ул, д.95, корп.1;39830;37.378188;55.89998;171;0.004251;37.382438;55.900115
5367;Москва, Юровская ул, д.95, корп.2;39831;37.379213;55.899935;171;0.003229;37.382438;55.900115
5368;Москва, Юровская ул, д.95, корп.3;39832;37.380551;55.899975;171;0.001891;37.382438;55.900115
5369;Москва, Юровская ул, д.97;39833;37.382393;55.900128;171;0.000046;37.382438;55.900115
5370;Москва, Соколово-Мещерская ул, д.16, корп.114;39834;37.390155;55.897674;113;0.002125;37.392278;55.897568
5371;Москва, Соколово-Мещерская ул, д.16, корп.19;39835;37.390729;55.897477;113;0.00155;37.392278;55.897568
5372;Москва, Соловьиная Роща ул, д.16, корп.20;39836;37.398724;55.895574;116;0.000085;37.398683;55.89565
5373;Москва, Юровская ул, д.13, корп.А;39837;37.370733;55.899143;178;0.011368;37.381313;55.903304
5374;Москва, Юровская ул, д.91;39838;37.374749;55.900471;178;0.007149;37.381313;55.903304
5375;Москва, Исаковского ул, д.25, корп.1;39839;37.420383;55.807688;177;0.001272;37.42065;55.806444
5376;Москва, Исаковского ул, д.25, корп.2;39840;37.422144;55.807177;177;0.001664;37.42065;55.806444
5377;Москва, Исаковского ул, д.27, корп.1;39841;37.419431;55.807657;176;0.000825;37.419311;55.806841
5378;Москва, Исаковского ул, д.27, корп.2;39842;37.420876;55.807242;177;0.00083;37.42065;55.806444
5379;Москва, Исаковского ул, д.27, корп.3;39843;37.422647;55.806741;177;0.002019;37.42065;55.806444
5380;Москва, Исаковского ул, д.29, корп.3;39844;37.421686;55.806134;177;0.001081;37.42065;55.806444
5381;Москва, Исаковского ул, д.31;39845;37.417993;55.806287;176;0.001428;37.419311;55.806841
5382;Москва, Исаковского ул, д.33, корп.1;39846;37.418146;55.805218;176;0.001997;37.419311;55.806841
5383;Москва, Исаковского ул, д.33, корп.2;39847;37.41881;55.805471;176;0.001457;37.419311;55.806841
5384;Москва, Исаковского ул, д.33, корп.3;39848;37.420553;55.804936;177;0.001511;37.42065;55.806444
5385;Москва, Исаковского ул, д.33, корп.4;39849;37.421523;55.805113;177;0.001592;37.42065;55.806444
5386;Москва, Исаковского ул, д.39;39850;37.424901;55.806186;177;0.004259;37.42065;55.806444
5387;Москва, Исаковского ул, д.39, корп.1;39851;37.423482;55.806808;177;0.002855;37.42065;55.806444
5388;Москва, Машкинское шоссе, д.33;39852;37.372503;55.907082;178;0.009585;37.381313;55.903304
5389;Москва, Машкинское шоссе, д.45;39853;37.387243;55.912929;179;0.009821;37.382573;55.90429
5390;Москва, Машкинское шоссе, д.47;39854;37.387243;55.912929;179;0.009821;37.382573;55.90429
5391;Москва, Машкинское шоссе, д.23;39855;37.372503;55.907082;178;0.009585;37.381313;55.903304
5392;Москва, Машкинское шоссе, д.23, корп.1;39856;37.372503;55.907082;178;0.009585;37.381313;55.903304
5393;Москва, Машкинское шоссе, д.23, корп.10;39857;37.37032;55.906667;178;0.011496;37.381313;55.903304
5394;Москва, Машкинское шоссе, д.23, корп.11;39858;37.371452;55.90641;178;0.010338;37.381313;55.903304
5395;Москва, Машкинское шоссе, д.23, корп.12;39859;37.369978;55.906537;178;0.011786;37.381313;55.903304
5396;Москва, Машкинское шоссе, д.23, корп.13;39860;37.371066;55.906365;178;0.010694;37.381313;55.903304
5397;Москва, Машкинское шоссе, д.23, корп.14;39861;37.369529;55.906325;178;0.012164;37.381313;55.903304
5398;Москва, Машкинское шоссе, д.23, корп.15;39862;37.370741;55.906278;178;0.010981;37.381313;55.903304
5399;Москва, Машкинское шоссе, д.23, корп.16;39863;37.369106;55.906148;178;0.012532;37.381313;55.903304
5400;Москва, Машкинское шоссе, д.23, корп.17;39864;37.370419;55.906168;178;0.011264;37.381313;55.903304
5401;Москва, Машкинское шоссе, д.23, корп.18;39865;37.368622;55.906077;178;0.01299;37.381313;55.903304
5402;Москва, Машкинское шоссе, д.23, корп.19;39866;37.369539;55.905815;178;0.012038;37.381313;55.903304
5403;Москва, Машкинское шоссе, д.23, корп.2;39867;37.371253;55.907516;178;0.010905;37.381313;55.903304
5404;Москва, Машкинское шоссе, д.23, корп.20;39868;37.368317;55.906244;178;0.013324;37.381313;55.903304
5405;Москва, Машкинское шоссе, д.23, корп.20, стр.1;39869;37.368766;55.906586;178;0.012969;37.381313;55.903304
5406;Москва, Машкинское шоссе, д.23, корп.21;39870;37.369287;55.905719;178;0.012266;37.381313;55.903304
5407;Москва, Машкинское шоссе, д.23, корп.23;39871;37.369043;55.905597;178;0.012481;37.381313;55.903304
5408;Москва, Машкинское шоссе, д.23, корп.25;39872;37.368792;55.905507;178;0.012712;37.381313;55.903304
5409;Москва, Машкинское шоссе, д.23, корп.27;39873;37.368218;55.905588;178;0.013292;37.381313;55.903304
5410;Москва, Машкинское шоссе, д.23, корп.29;39874;37.368083;55.905734;178;0.013451;37.381313;55.903304
5411;Москва, Машкинское шоссе, д.23, корп.3;39875;37.372269;55.906975;178;0.009761;37.381313;55.903304
5412;Москва, Машкинское шоссе, д.23, корп.31;39876;37.36794;55.90589;178;0.01362;37.381313;55.903304
5413;Москва, Машкинское шоссе, д.23, корп.33;39877;37.367769;55.906052;178;0.013819;37.381313;55.903304
5414;Москва, Машкинское шоссе, д.23, корп.35;39878;37.367634;55.906213;178;0.013985;37.381313;55.903304
5415;Москва, Машкинское шоссе, д.23, корп.37;39879;37.367472;55.906374;178;0.014177;37.381313;55.903304
5416;Москва, Машкинское шоссе, д.23, корп.4;39880;37.371515;55.907247;178;0.010562;37.381313;55.903304
5417;Москва, Машкинское шоссе, д.23, корп.5;39881;37.372099;55.906823;178;0.009863;37.381313;55.903304
5418;Москва, Машкинское шоссе, д.23, корп.6;39882;37.371182;55.907035;178;0.010796;37.381313;55.903304
5419;Москва, Машкинское шоссе, д.23, корп.7;39883;37.372;55.906653;178;0.009896;37.381313;55.903304
5420;Москва, Машкинское шоссе, д.23, корп.8;39884;37.370723;55.906844;178;0.011165;37.381313;55.903304
5421;Москва, Машкинское шоссе, д.23, корп.9;39885;37.371756;55.906475;178;0.010068;37.381313;55.903304
5422;Москва, Машкинское шоссе, д.25;39886;37.372503;55.907082;178;0.009585;37.381313;55.903304
5423;Москва, Машкинское шоссе, д.27;39887;37.372503;55.907082;178;0.009585;37.381313;55.903304
5424;Москва, Машкинское шоссе, д.31;39888;37.372503;55.907082;178;0.009585;37.381313;55.903304
5425;Москва, Машкинское шоссе, д.35;39889;37.371927;55.910406;178;0.011769;37.381313;55.903304
5426;Москва, Машкинское шоссе, д.37;39890;37.371927;55.910406;178;0.011769;37.381313;55.903304
5427;Москва, Машкинское шоссе, д.44, стр.1;39891;37.387243;55.912929;179;0.009821;37.382573;55.90429
5428;Москва, Новокуркинское шоссе, д.43;39892;37.388789;55.902766;180;0.004339;37.384486;55.903326
5429;Москва, Новокуркинское шоссе, д.43, стр.1;39893;37.388726;55.902277;180;0.004368;37.384486;55.903326
5430;Москва, Новокуркинское шоссе, д.45;39894;37.388142;55.903776;180;0.003684;37.384486;55.903326
5431;Москва, Новокуркинское шоссе, д.45, стр.1;39895;37.38798;55.903358;180;0.003495;37.384486;55.903326
5432;Москва, Новокуркинское шоссе, д.47;39896;37.388358;55.904835;180;0.004156;37.384486;55.903326
5433;Москва, Новокуркинское шоссе, д.47, стр.1;39897;37.387926;55.904629;180;0.003679;37.384486;55.903326
5434;Москва, Новокуркинское шоссе, д.51;39898;37.388761;55.908872;180;0.007003;37.384486;55.903326
5435;Москва, Соколово-Мещерская ул, д.20;39899;37.38887;55.898709;113;0.003594;37.392278;55.897568
5436;Москва, Соколово-Мещерская ул, д.20, корп.1, стр.1;39900;37.390101;55.898961;113;0.002585;37.392278;55.897568
5437;Москва, Соколово-Мещерская ул, д.20, корп.1, стр.2;39901;37.39028;55.898775;113;0.002333;37.392278;55.897568
5438;Москва, Соколово-Мещерская ул, д.25;39902;37.384584;55.902867;180;0.000468;37.384486;55.903326
5439;Москва, Соколово-Мещерская ул, д.25, корп.1;39903;37.383497;55.901955;172;0.001121;37.38379;55.900872
5440;Москва, Соколово-Мещерская ул, д.25, корп.1, стр.1;39904;37.384522;55.902045;180;0.00128;37.384486;55.903326
5441;Москва, Соколово-Мещерская ул, д.25, корп.14;39905;37.378206;55.90154;178;0.003571;37.381313;55.903304
5442;Москва, Соколово-Мещерская ул, д.25, корп.15;39906;37.378629;55.902343;178;0.00285;37.381313;55.903304
5443;Москва, Соколово-Мещерская ул, д.25, корп.16;39907;37.379195;55.902954;178;0.002146;37.381313;55.903304
5444;Москва, Соколово-Мещерская ул, д.25, корп.17;39908;37.37836;55.90261;178;0.003033;37.381313;55.903304
5445;Москва, Соколово-Мещерская ул, д.25, корп.2;39909;37.382895;55.903343;179;0.001;37.382573;55.90429
5446;Москва, Соколово-Мещерская ул, д.25, корп.24;39910;37.3772;55.904225;178;0.004214;37.381313;55.903304
5447;Москва, Соколово-Мещерская ул, д.25, корп.25;39911;37.377838;55.904366;178;0.003632;37.381313;55.903304
5448;Москва, Соколово-Мещерская ул, д.25, корп.25, стр.1;39912;37.377983;55.904093;178;0.003422;37.381313;55.903304
5449;Москва, Соколово-Мещерская ул, д.25, корп.26;39913;37.378134;55.903054;178;0.003187;37.381313;55.903304
5450;Москва, Соколово-Мещерская ул, д.25, корп.3;39914;37.382365;55.902929;178;0.001117;37.381313;55.903304
5451;Москва, Соколово-Мещерская ул, д.25, корп.4;39915;37.381774;55.902636;178;0.000811;37.381313;55.903304
5452;Москва, Соколово-Мещерская ул, д.25, корп.5;39916;37.381459;55.902293;178;0.001021;37.381313;55.903304
5453;Москва, Соколово-Мещерская ул, д.25, корп.5, стр.1;39917;37.381208;55.90196;178;0.001348;37.381313;55.903304
5454;Москва, Соколово-Мещерская ул, д.25, корп.6;39918;37.379914;55.902757;178;0.001502;37.381313;55.903304
5455;Москва, Соколово-Мещерская ул, д.25, корп.7;39919;37.379806;55.902409;178;0.001752;37.381313;55.903304
5456;Москва, Соколово-Мещерская ул, д.25, корп.8;39920;37.379797;55.9021;178;0.001935;37.381313;55.903304
5457;Москва, Соколово-Мещерская ул, д.25, корп.8, стр.1;39921;37.37915;55.902167;178;0.002442;37.381313;55.903304
5458;Москва, Соколово-Мещерская ул, д.25, корп.9;39922;37.379896;55.901803;178;0.002064;37.381313;55.903304
5459;Москва, Соколово-Мещерская ул, д.25, стр.1;39923;37.385249;55.90194;180;0.001582;37.384486;55.903326
5460;Москва, Соколово-Мещерская ул, д.25, стр.2;39924;37.384972;55.904332;180;0.001117;37.384486;55.903326
5461;Москва, Соколово-Мещерская ул, д.27;39925;37.382474;55.904261;179;0.000103;37.382573;55.90429
5462;Москва, Соколово-Мещерская ул, д.27, корп.1;39926;37.381378;55.903903;178;0.000602;37.381313;55.903304
5463;Москва, Соколово-Мещерская ул, д.27, корп.1, стр.1;39927;37.386677;55.909064;180;0.006143;37.384486;55.903326
5464;Москва, Соколово-Мещерская ул, д.27, корп.2;39928;37.381378;55.903903;178;0.000602;37.381313;55.903304
5465;Москва, Соколово-Мещерская ул, д.27, корп.3;39929;37.37915;55.903423;178;0.002165;37.381313;55.903304
5466;Москва, Соколово-Мещерская ул, д.27, корп.4;39930;37.379132;55.904204;178;0.002358;37.381313;55.903304
5467;Москва, Соколово-Мещерская ул, д.27, корп.5;39931;37.379715;55.905073;178;0.002383;37.381313;55.903304
5468;Москва, Соколово-Мещерская ул, д.29;39932;37.384738;55.905007;180;0.0017;37.384486;55.903326
5469;Москва, Соколово-Мещерская ул, д.29, корп.1;39933;37.383939;55.906017;179;0.002201;37.382573;55.90429
5470;Москва, Соколово-Мещерская ул, д.29, корп.10;39934;37.381135;55.907505;179;0.003522;37.382573;55.90429
5471;Москва, Соколово-Мещерская ул, д.29, корп.11;39935;37.380515;55.907328;179;0.003669;37.382573;55.90429
5472;Москва, Соколово-Мещерская ул, д.29, корп.12;39936;37.38004;55.907333;179;0.00396;37.382573;55.90429
5473;Москва, Соколово-Мещерская ул, д.29, корп.13;39937;37.379627;55.907444;179;0.004316;37.382573;55.90429
5474;Москва, Соколово-Мещерская ул, д.29, корп.14;39938;37.379159;55.907536;179;0.00471;37.382573;55.90429
5475;Москва, Соколово-Мещерская ул, д.29, корп.15;39939;37.379159;55.907536;179;0.00471;37.382573;55.90429
5476;Москва, Соколово-Мещерская ул, д.29, корп.16;39940;37.378261;55.907218;178;0.004963;37.381313;55.903304
5477;Москва, Соколово-Мещерская ул, д.29, корп.17;39941;37.378018;55.90702;178;0.004966;37.381313;55.903304
5478;Москва, Соколово-Мещерская ул, д.29, корп.18;39942;37.377749;55.906814;178;0.005002;37.381313;55.903304
5479;Москва, Соколово-Мещерская ул, д.29, корп.19;39943;37.377506;55.906612;178;0.005043;37.381313;55.903304
5480;Москва, Соколово-Мещерская ул, д.29, корп.2;39944;37.382744;55.9053;179;0.001025;37.382573;55.90429
5481;Москва, Соколово-Мещерская ул, д.29, корп.20;39945;37.377371;55.906426;178;0.005027;37.381313;55.903304
5482;Москва, Соколово-Мещерская ул, д.29, корп.21;39946;37.377506;55.906122;178;0.004736;37.381313;55.903304
5483;Москва, Соколово-Мещерская ул, д.29, корп.22;39947;37.377875;55.905961;178;0.004345;37.381313;55.903304
5484;Москва, Соколово-Мещерская ул, д.29, корп.23;39948;37.378647;55.905728;178;0.003603;37.381313;55.903304
5485;Москва, Соколово-Мещерская ул, д.29, корп.24;39949;37.378134;55.905704;178;0.003982;37.381313;55.903304
5486;Москва, Соколово-Мещерская ул, д.29, корп.25;39950;37.377731;55.905523;178;0.004213;37.381313;55.903304
5487;Москва, Соколово-Мещерская ул, д.29, корп.26;39951;37.377416;55.90532;178;0.004387;37.381313;55.903304
5488;Москва, Соколово-Мещерская ул, д.29, корп.27;39952;37.377426;55.905123;178;0.004291;37.381313;55.903304
5489;Москва, Соколово-Мещерская ул, д.29, корп.28;39953;37.377462;55.904801;178;0.004131;37.381313;55.903304
5490;Москва, Соколово-Мещерская ул, д.29, корп.29;39954;37.377919;55.90465;178;0.00365;37.381313;55.903304
5491;Москва, Соколово-Мещерская ул, д.29, корп.3;39955;37.383129;55.905925;179;0.001728;37.382573;55.90429
5492;Москва, Соколово-Мещерская ул, д.29, корп.3, стр.1;39956;37.382482;55.905467;179;0.00118;37.382573;55.90429
5493;Москва, Соколово-Мещерская ул, д.29, корп.3, стр.2;39957;37.382106;55.905597;179;0.001388;37.382573;55.90429
5494;Москва, Соколово-Мещерская ул, д.29, корп.30;39958;37.378036;55.905052;178;0.003713;37.381313;55.903304
5495;Москва, Соколово-Мещерская ул, д.29, корп.31;39959;37.378269;55.905311;178;0.003645;37.381313;55.903304
5496;Москва, Соколово-Мещерская ул, д.29, корп.32;39960;37.378835;55.906224;178;0.003829;37.381313;55.903304
5497;Москва, Соколово-Мещерская ул, д.29, корп.32, стр.1;39961;37.38013;55.905679;178;0.002653;37.381313;55.903304
5498;Москва, Соколово-Мещерская ул, д.29, корп.33;39962;37.378594;55.906818;178;0.004443;37.381313;55.903304
5499;Москва, Соколово-Мещерская ул, д.29, корп.34;39963;37.379142;55.907047;178;0.004327;37.381313;55.903304
5500;Москва, Соколово-Мещерская ул, д.29, корп.35;39964;37.379733;55.906557;178;0.003615;37.381313;55.903304
5501;Москва, Соколово-Мещерская ул, д.29, корп.4;39965;37.381;55.905528;179;0.002;37.382573;55.90429
5502;Москва, Соколово-Мещерская ул, д.29, корп.5;39966;37.380901;55.905804;179;0.002255;37.382573;55.90429
5503;Москва, Соколово-Мещерская ул, д.29, корп.7;39967;37.380543;55.906354;179;0.002895;37.382573;55.90429
5504;Москва, Соколово-Мещерская ул, д.29, корп.8;39968;37.380497;55.906633;179;0.003129;37.382573;55.90429
5505;Москва, Соколово-Мещерская ул, д.29, корп.9;39969;37.38047;55.906904;179;0.003355;37.382573;55.90429
5506;Москва, Соколово-Мещерская ул, д.29, стр.1;39970;37.385267;55.904623;180;0.001515;37.384486;55.903326
5507;Москва, Соколово-Мещерская ул, д.29, стр.2;39971;37.385753;55.906319;180;0.003251;37.384486;55.903326
5508;Москва, Соколово-Мещерская ул, д.30;39972;37.386409;55.903302;180;0.001923;37.384486;55.903326
5509;Москва, Соколово-Мещерская ул, д.31;39973;37.386607;55.907151;180;0.004374;37.384486;55.903326
5510;Москва, Соколово-Мещерская ул, д.31, стр.1;39974;37.385213;55.906693;180;0.003444;37.384486;55.903326
5511;Москва, Соколово-Мещерская ул, д.31, стр.2;39975;37.385403;55.906618;180;0.003417;37.384486;55.903326
5512;Москва, Соколово-Мещерская ул, д.32;39976;37.38648;55.904221;180;0.002186;37.384486;55.903326
5513;Москва, Соколово-Мещерская ул, д.33, корп.1, стр.1;39977;37.382591;55.906855;179;0.002565;37.382573;55.90429
5514;Москва, Соколово-Мещерская ул, д.33, корп.1, стр.2;39978;37.382043;55.906642;179;0.002411;37.382573;55.90429
5515;Москва, Соколово-Мещерская ул, д.33, корп.1, стр.3;39979;37.382033;55.906415;179;0.002193;37.382573;55.90429
5516;Москва, Соколово-Мещерская ул, д.33, корп.1, стр.4;39980;37.381701;55.906285;179;0.002176;37.382573;55.90429
5517;Москва, Соколово-Мещерская ул, д.34;39981;37.386597;55.905058;180;0.002731;37.384486;55.903326
5518;Москва, Соколово-Мещерская ул, д.36;39982;37.387325;55.905728;180;0.003719;37.384486;55.903326
5519;Москва, Исаковского ул, д.14, корп.1;39983;37.408497;55.812807;18;0.00168;37.408695;55.811139
5520;Москва, Исаковского ул, д.14, корп.1, стр.2;39984;37.408668;55.813222;18;0.002083;37.408695;55.811139
5521;Москва, Исаковского ул, д.14, корп.2;39985;37.407617;55.813313;18;0.002427;37.408695;55.811139
5522;Москва, Исаковского ул, д.14, корп.3;39986;37.406503;55.812104;18;0.002394;37.408695;55.811139
5523;Москва, Исаковского ул, д.16, корп.1;39987;37.409683;55.812493;18;0.001677;37.408695;55.811139
5524;Москва, Исаковского ул, д.18;39988;37.410078;55.811568;18;0.001448;37.408695;55.811139
5525;Москва, Исаковского ул, д.20, корп.1;39989;37.411535;55.81136;19;0.002155;37.410689;55.809379
5526;Москва, Исаковского ул, д.20, корп.2;39990;37.410276;55.810718;19;0.001401;37.410689;55.809379
5527;Москва, Исаковского ул, д.22, корп.1;39991;37.412568;55.809903;19;0.00195;37.410689;55.809379
5528;Москва, Исаковского ул, д.24, корп.1;39992;37.413348;55.809387;21;0.001059;37.414061;55.808603
5529;Москва, Исаковского ул, д.26, корп.2;39993;37.415721;55.808674;175;0.000959;37.415528;55.807735
5530;Москва, Исаковского ул, д.28, корп.1;39994;37.416889;55.807476;175;0.001385;37.415528;55.807735
5531;Москва, Исаковского ул, д.28, корп.2;39995;37.415073;55.806904;175;0.000946;37.415528;55.807735
5532;Москва, Маршала Катукова ул, д.13, корп.2;39996;37.405992;55.810839;17;0.002219;37.407942;55.80978
5533;Москва, Маршала Катукова ул, д.13, корп.3;39997;37.408381;55.810363;17;0.000731;37.407942;55.80978
5534;Москва, Маршала Катукова ул, д.15;39998;37.406018;55.809307;17;0.00198;37.407942;55.80978
5535;Москва, Маршала Катукова ул, д.15, корп.1;39999;37.406639;55.80965;17;0.001309;37.407942;55.80978
5536;Москва, Маршала Катукова ул, д.17, корп.1;40000;37.407994;55.808107;17;0.001672;37.407942;55.80978
5537;Москва, Маршала Катукова ул, д.17, корп.2;40001;37.409396;55.808477;19;0.001575;37.410689;55.809379
5538;Москва, Маршала Катукова ул, д.17, корп.3;40002;37.409271;55.809569;17;0.001345;37.407942;55.80978
5539;Москва, Маршала Катукова ул, д.19, корп.1;40003;37.411866;55.808552;20;0.001065;37.412406;55.807634
5540;Москва, Маршала Катукова ул, д.19, корп.2;40004;37.41015;55.807945;19;0.00153;37.410689;55.809379
5541;Москва, Маршала Катукова ул, д.21, корп.1;40005;37.411175;55.806813;20;0.001479;37.412406;55.807634
5542;Москва, Маршала Катукова ул, д.21, корп.2;40006;37.412495;55.80739;20;0.00026;37.412406;55.807634
5543;Москва, Маршала Катукова ул, д.25, корп.1;40007;37.414382;55.805832;175;0.002221;37.415528;55.807735
5544;Москва, Кулакова ул, д.21, корп.1;40008;37.394251;55.803783;123;0.001322;37.394454;55.802476
5545;Москва, Кулакова ул, д.25, корп.1;40009;37.392813;55.802587;123;0.001643;37.394454;55.802476
5546;Москва, Кулакова ул, д.27;40010;37.392167;55.801302;59;0.001791;37.393956;55.801393
5547;Москва, Строгинский бульв., д.10, корп.3;40011;37.396515;55.80273;122;0.002022;37.398362;55.801907
5548;Москва, Строгинский бульв., д.12;40012;37.398078;55.804065;122;0.002177;37.398362;55.801907
5549;Москва, Строгинский бульв., д.14, корп.1;40013;37.39779;55.802623;122;0.000916;37.398362;55.801907
5550;Москва, Строгинский бульв., д.14, корп.2;40014;37.397611;55.803342;122;0.001619;37.398362;55.801907
5551;Москва, Строгинский бульв., д.14, корп.3;40015;37.399505;55.803302;169;0.001373;37.400165;55.802097
5552;Москва, Строгинский бульв., д.14, корп.4;40016;37.40098;55.802835;169;0.0011;37.400165;55.802097
5553;Москва, Строгинский бульв., д.2, корп.1;40017;37.394619;55.804936;123;0.002465;37.394454;55.802476
5554;Москва, Строгинский бульв., д.22;40018;37.40301;55.802963;169;0.002973;37.400165;55.802097
5555;Москва, Строгинский бульв., д.26, корп.1;40019;37.402525;55.80239;169;0.002378;37.400165;55.802097
5556;Москва, Строгинский бульв., д.26, корп.2;40020;37.404492;55.802233;169;0.004329;37.400165;55.802097
5557;Москва, Строгинский бульв., д.26, корп.3;40021;37.406153;55.801617;170;0.003748;37.409021;55.799202
5558;Москва, Строгинский бульв., д.26, корп.4;40022;37.402119;55.801687;169;0.001997;37.400165;55.802097
5559;Москва, Строгинский бульв., д.30;40023;37.406602;55.802189;170;0.003843;37.409021;55.799202
5560;Москва, Строгинский бульв., д.4;40024;37.396792;55.804273;122;0.002838;37.398362;55.801907
5561;Москва, Строгинский бульв., д.4, корп.1;40025;37.395157;55.804262;123;0.00192;37.394454;55.802476
5562;Москва, Строгинский бульв., д.4, корп.2;40026;37.396038;55.803716;123;0.002013;37.394454;55.802476
5563;Москва, Таллинская ул, д.10;40027;37.396873;55.798677;4;0.00233;37.398611;55.797123
5564;Москва, Таллинская ул, д.11, корп.1;40028;37.398913;55.799674;122;0.002299;37.398362;55.801907
5565;Москва, Таллинская ул, д.12;40029;37.398716;55.798444;4;0.001325;37.398611;55.797123
5566;Москва, Таллинская ул, д.13, корп.2;40030;37.400746;55.800377;169;0.001815;37.400165;55.802097
5567;Москва, Таллинская ул, д.13, корп.3;40031;37.401042;55.800934;169;0.001456;37.400165;55.802097
5568;Москва, Таллинская ул, д.13, корп.4;40032;37.400216;55.801166;169;0.000931;37.400165;55.802097
5569;Москва, Таллинская ул, д.17, корп.2;40033;37.402883;55.800453;169;0.003177;37.400165;55.802097
5570;Москва, Таллинская ул, д.17, корп.3;40034;37.402299;55.80104;169;0.002382;37.400165;55.802097
5571;Москва, Таллинская ул, д.17, корп.4;40035;37.402982;55.801393;169;0.002904;37.400165;55.802097
5572;Москва, Таллинская ул, д.19, корп.1;40036;37.404196;55.800088;197;0.002797;37.404653;55.797329
5573;Москва, Таллинская ул, д.2;40037;37.392139;55.799445;59;0.002662;37.393956;55.801393
5574;Москва, Таллинская ул, д.3, корп.1;40038;37.393398;55.800614;59;0.000957;37.393956;55.801393
5575;Москва, Таллинская ул, д.5, корп.2;40039;37.395167;55.800695;59;0.001397;37.393956;55.801393
5576;Москва, Таллинская ул, д.5, корп.3;40040;37.39611;55.801317;123;0.002021;37.394454;55.802476
5577;Москва, Таллинская ул, д.6;40041;37.394008;55.798332;59;0.00306;37.393956;55.801393
5578;Москва, Таллинская ул, д.7;40042;37.396128;55.800468;59;0.002361;37.393956;55.801393
5579;Москва, Таллинская ул, д.8;40043;37.395723;55.797857;4;0.002978;37.398611;55.797123
5580;Москва, Таллинская ул, д.9, корп.2;40044;37.397153;55.80028;122;0.002026;37.398362;55.801907
5581;Москва, Таллинская ул, д.9, корп.4;40045;37.398185;55.801131;122;0.000795;37.398362;55.801907
5582;Москва, Твардовского ул, д.1;40046;37.391969;55.798393;59;0.003597;37.393956;55.801393
5583;Москва, Твардовского ул, д.11;40047;37.397089;55.794811;4;0.002767;37.398611;55.797123
5584;Москва, Твардовского ул, д.12;40048;37.397584;55.794032;4;0.003257;37.398611;55.797123
5585;Москва, Твардовского ул, д.12, корп.1;40049;37.400378;55.794128;77;0.002982;37.400749;55.797087
5586;Москва, Твардовского ул, д.13, корп.2;40050;37.398051;55.796171;4;0.001103;37.398611;55.797123
5587;Москва, Твардовского ул, д.13, корп.2, стр.1;40051;37.398051;55.796171;4;0.001103;37.398611;55.797123
5588;Москва, Твардовского ул, д.14, корп.1;40052;37.404033;55.794249;197;0.003141;37.404653;55.797329
5589;Москва, Твардовского ул, д.14, корп.2;40053;37.405147;55.794188;197;0.003179;37.404653;55.797329
5590;Москва, Твардовского ул, д.15;40054;37.398698;55.794851;4;0.002273;37.398611;55.797123
5591;Москва, Твардовского ул, д.17, корп.1;40055;37.40017;55.795241;77;0.001934;37.400749;55.797087
5592;Москва, Твардовского ул, д.17, стр.1;40056;37.40017;55.795241;77;0.001934;37.400749;55.797087
5593;Москва, Твардовского ул, д.17, стр.2;40057;37.398913;55.795712;4;0.001442;37.398611;55.797123
5594;Москва, Твардовского ул, д.19, корп.1, стр.1;40058;37.401528;55.79641;77;0.001032;37.400749;55.797087
5595;Москва, Твардовского ул, д.19, корп.2;40059;37.402003;55.795712;77;0.001861;37.400749;55.797087
5596;Москва, Твардовского ул, д.19, корп.3;40060;37.401706;55.794932;77;0.002358;37.400749;55.797087
5597;Москва, Твардовского ул, д.2;40061;37.388753;55.799988;59;0.005389;37.393956;55.801393
5598;Москва, Твардовского ул, д.2, корп.1;40062;37.389049;55.799678;59;0.005196;37.393956;55.801393
5599;Москва, Твардовского ул, д.2, корп.2;40063;37.387342;55.796982;59;0.007949;37.393956;55.801393
5600;Москва, Твардовского ул, д.2, корп.3;40064;37.388824;55.794603;59;0.00851;37.393956;55.801393
5601;Москва, Твардовского ул, д.3, корп.1;40065;37.393424;55.797401;59;0.004026;37.393956;55.801393
5602;Москва, Твардовского ул, д.4, корп.1;40066;37.390936;55.798014;59;0.004531;37.393956;55.801393
5603;Москва, Твардовского ул, д.4, корп.2;40067;37.391188;55.79727;59;0.004965;37.393956;55.801393
5604;Москва, Твардовского ул, д.4, корп.3;40068;37.392122;55.797179;59;0.004595;37.393956;55.801393
5605;Москва, Твардовского ул, д.4, корп.4;40069;37.392058;55.796399;59;0.005341;37.393956;55.801393
5606;Москва, Твардовского ул, д.5, корп.1;40070;37.39381;55.795307;4;0.005132;37.398611;55.797123
5607;Москва, Твардовского ул, д.5, корп.2;40071;37.393927;55.796151;4;0.004782;37.398611;55.797123
5608;Москва, Твардовского ул, д.5, корп.3;40072;37.394771;55.796672;4;0.003865;37.398611;55.797123
5609;Москва, Твардовского ул, д.6, корп.2;40073;37.390576;55.795717;59;0.006605;37.393956;55.801393
5610;Москва, Твардовского ул, д.6, корп.3;40074;37.390513;55.79523;59;0.007058;37.393956;55.801393
5611;Москва, Твардовского ул, д.6, корп.4;40075;37.389706;55.795282;59;0.007443;37.393956;55.801393
5612;Москва, Твардовского ул, д.8;40076;37.392383;55.79345;4;0.00723;37.398611;55.797123
5613;Москва, Твардовского ул, д.9, корп.1;40077;37.395563;55.795342;4;0.00353;37.398611;55.797123
5614;Москва, Твардовского ул, д.9, корп.2;40078;37.396577;55.795884;4;0.00238;37.398611;55.797123
5615;Москва, Таллинская ул, д.16;40079;37.401429;55.798995;77;0.002026;37.400749;55.797087
5616;Москва, Таллинская ул, д.4;40080;37.392139;55.799445;59;0.002662;37.393956;55.801393
5617;Москва, Твардовского ул, д.10;40081;37.394817;55.793252;4;0.00542;37.398611;55.797123
5618;Москва, Твардовского ул, д.3;40082;37.393424;55.797401;59;0.004026;37.393956;55.801393
5619;Москва, Пенягинская ул, д.115А;40083;37.343317;55.841812;166;0.003489;37.344413;55.845125
5620;Москва, 2-я ул. Рославка, д.2;40084;37.375323;55.833;147;0.008154;37.377762;55.840781
5621;Москва, Волоцкой пер, д.13, корп.1;40085;37.35149;55.833363;108;0.001425;37.35014;55.83291
5622;Москва, Волоцкой пер, д.13, корп.2;40086;37.3522;55.834294;41;0.001313;37.35319;55.83343
5623;Москва, Волоцкой пер, д.7, корп.1;40087;37.352695;55.835234;41;0.001871;37.35319;55.83343
5624;Москва, Волоцкой пер, д.7, стр.1;40088;37.34999;55.833611;108;0.000717;37.35014;55.83291
5625;Москва, Генерала Белобородова ул, д.11;40089;37.355066;55.836498;168;0.00069;37.355406;55.8371
5626;Москва, Генерала Белобородова ул, д.12;40090;37.353;55.836221;168;0.00256;37.355406;55.8371
5627;Москва, Генерала Белобородова ул, д.14;40091;37.354383;55.835983;168;0.001513;37.355406;55.8371
5628;Москва, Генерала Белобородова ул, д.14, корп.1;40092;37.35468;55.835411;168;0.001837;37.355406;55.8371
5629;Москва, Генерала Белобородова ул, д.14, корп.2;40093;37.353746;55.834506;41;0.001212;37.35319;55.83343
5630;Москва, Генерала Белобородова ул, д.15;40094;37.35688;55.836832;168;0.001498;37.355406;55.8371
5631;Москва, Генерала Белобородова ул, д.16;40095;37.355802;55.835365;168;0.001778;37.355406;55.8371
5632;Москва, Генерала Белобородова ул, д.16, корп.1;40096;37.356099;55.834795;168;0.002407;37.355406;55.8371
5633;Москва, Генерала Белобородова ул, д.16, корп.2;40097;37.355353;55.834542;41;0.002432;37.35319;55.83343
5634;Москва, Генерала Белобородова ул, д.17;40098;37.357124;55.835952;168;0.002065;37.355406;55.8371
5635;Москва, Генерала Белобородова ул, д.18;40099;37.356441;55.834153;42;0.003115;37.354046;55.83216
5636;Москва, Генерала Белобородова ул, д.19;40100;37.357734;55.835659;25;0.001776;37.35941;55.836253
5637;Москва, Генерала Белобородова ул, д.20;40101;37.354977;55.832808;42;0.001134;37.354046;55.83216
5638;Москва, Генерала Белобородова ул, д.20, корп.1;40102;37.354797;55.833678;41;0.001626;37.35319;55.83343
5639;Москва, Генерала Белобородова ул, д.21;40103;37.358928;55.835397;25;0.000981;37.35941;55.836253
5640;Москва, Генерала Белобородова ул, д.23;40104;37.357886;55.833895;25;0.002807;37.35941;55.836253
5641;Москва, Генерала Белобородова ул, д.24;40105;37.353998;55.830846;42;0.001313;37.354046;55.83216
5642;Москва, Генерала Белобородова ул, д.27;40106;37.357824;55.833491;25;0.003184;37.35941;55.836253
5643;Москва, Генерала Белобородова ул, д.28;40107;37.352973;55.830497;109;0.001225;37.352043;55.829701
5644;Москва, Генерала Белобородова ул, д.30;40108;37.353432;55.829455;109;0.00141;37.352043;55.829701
5645;Москва, Генерала Белобородова ул, д.32;40109;37.352911;55.828328;109;0.001623;37.352043;55.829701
5646;Москва, Генерала Белобородова ул, д.33;40110;37.355236;55.830957;42;0.001692;37.354046;55.83216
5647;Москва, Генерала Белобородова ул, д.35/2;40111;37.356261;55.830765;42;0.002617;37.354046;55.83216
5648;Москва, Генерала Белобородова ул, д.37;40112;37.35662;55.830154;43;0.003105;37.359622;55.829357
5649;Москва, Генерала Белобородова ул, д.7/2;40113;37.353583;55.837241;168;0.001827;37.355406;55.8371
5650;Москва, Генерала Белобородова ул, д.9;40114;37.354258;55.837069;168;0.001148;37.355406;55.8371
5651;Москва, Генерала Белобородова ул, д.9, корп.1;40115;37.35547;55.837111;168;0.000065;37.355406;55.8371
5652;Москва, Пенягинская ул, д.10;40116;37.357007;55.837317;168;0.001615;37.355406;55.8371
5653;Москва, Пенягинская ул, д.10, корп.1;40117;37.356153;55.837256;168;0.000764;37.355406;55.8371
5654;Москва, Пенягинская ул, д.12;40118;37.358193;55.836832;25;0.001348;37.35941;55.836253
5655;Москва, Пенягинская ул, д.12, корп.1;40119;37.357734;55.836503;25;0.001693;37.35941;55.836253
5656;Москва, Пенягинская ул, д.16;40120;37.36015;55.835457;25;0.001087;37.35941;55.836253
5657;Москва, Пенягинская ул, д.18;40121;37.359512;55.835032;25;0.001224;37.35941;55.836253
5658;Москва, Пенягинская ул, д.2, корп.1;40122;37.355066;55.837753;168;0.000735;37.355406;55.8371
5659;Москва, Пенягинская ул, д.20;40123;37.360088;55.834638;25;0.001751;37.35941;55.836253
5660;Москва, Пенягинская ул, д.20, корп.1;40124;37.359162;55.834325;25;0.001943;37.35941;55.836253
5661;Москва, Пенягинская ул, д.22;40125;37.359863;55.834108;25;0.002192;37.35941;55.836253
5662;Москва, Пенягинская ул, д.24;40126;37.359522;55.833323;25;0.002931;37.35941;55.836253
5663;Москва, Пенягинская ул, д.26;40127;37.358497;55.833146;25;0.003237;37.35941;55.836253
5664;Москва, Пенягинская ул, д.28;40128;37.358416;55.832681;44;0.003191;37.360511;55.830274
5665;Москва, Пенягинская ул, д.4;40129;37.354941;55.838304;168;0.00129;37.355406;55.8371
5666;Москва, Пенягинская ул, д.6;40130;37.355668;55.838248;168;0.001177;37.355406;55.8371
5667;Москва, Пенягинская ул, д.8;40131;37.356279;55.837839;168;0.001143;37.355406;55.8371
5668;Москва, Рословка ул, д.10;40132;37.362469;55.83021;44;0.001959;37.360511;55.830274
5669;Москва, Рословка ул, д.10, корп.1;40133;37.361596;55.830001;44;0.001119;37.360511;55.830274
5670;Москва, Рословка ул, д.10, корп.2;40134;37.36219;55.829541;44;0.001831;37.360511;55.830274
5671;Москва, Рословка ул, д.10, корп.3;40135;37.361093;55.829451;44;0.001008;37.360511;55.830274
5672;Москва, Рословка ул, д.10, корп.4;40136;37.360537;55.829026;43;0.000973;37.359622;55.829357
5673;Москва, Рословка ул, д.10, корп.5;40137;37.361022;55.828688;43;0.001551;37.359622;55.829357
5674;Москва, Рословка ул, д.12;40138;37.363187;55.829552;44;0.002771;37.360511;55.830274
5675;Москва, Рословка ул, д.12, корп.1;40139;37.361894;55.828516;44;0.002236;37.360511;55.830274
5676;Москва, Рословка ул, д.12, корп.1, стр.1;40140;37.361705;55.828095;43;0.002434;37.359622;55.829357
5677;Москва, Рословка ул, д.12, корп.2;40141;37.360906;55.82801;43;0.00186;37.359622;55.829357
5678;Москва, Рословка ул, д.12, корп.3;40142;37.360096;55.82856;43;0.000926;37.359622;55.829357
5679;Москва, Рословка ул, д.4;40143;37.358336;55.83066;43;0.00183;37.359622;55.829357
5680;Москва, Рословка ул, д.4, стр.1;40144;37.357518;55.830628;43;0.002457;37.359622;55.829357
5681;Москва, Рословка ул, д.5;40145;37.36651;55.831378;44;0.0061;37.360511;55.830274
5682;Москва, Рословка ул, д.5, стр.1;40146;37.366573;55.831423;44;0.00617;37.360511;55.830274
5683;Москва, Рословка ул, д.6;40147;37.359091;55.830538;43;0.001294;37.359622;55.829357
5684;Москва, Рословка ул, д.6, корп.1;40148;37.358705;55.830189;43;0.001238;37.359622;55.829357
5685;Москва, Рословка ул, д.6, корп.1, стр.1;40149;37.35785;55.830259;43;0.001987;37.359622;55.829357
5686;Москва, Рословка ул, д.6, корп.2;40150;37.357923;55.82982;43;0.00176;37.359622;55.829357
5687;Москва, Рословка ул, д.8;40151;37.360563;55.830265;44;0.000053;37.360511;55.830274
5688;Москва, Рословка ул, д.8, корп.1;40152;37.359675;55.82935;43;0.000053;37.359622;55.829357
5689;Москва, Рословка ул, д.8, стр.1;40153;37.361093;55.829865;44;0.000711;37.360511;55.830274
5690;Москва, Уваровский пер, д.10;40154;37.350403;55.827788;106;0.001385;37.349139;55.828354
5691;Москва, Уваровский пер, д.10, корп.1;40155;37.350071;55.826962;106;0.001674;37.349139;55.828354
5692;Москва, Уваровский пер, д.10, корп.1, стр.2;40156;37.349559;55.826947;106;0.001467;37.349139;55.828354
5693;Москва, Уваровский пер, д.10, корп.2;40157;37.349201;55.827616;106;0.00074;37.349139;55.828354
5694;Москва, Уваровский пер, д.2;40158;37.349713;55.831892;108;0.001103;37.35014;55.83291
5695;Москва, Уваровский пер, д.2, корп.1;40159;37.348759;55.831342;107;0.001559;37.34971;55.830105
5696;Москва, Уваровский пер, д.3;40160;37.351716;55.831423;109;0.001752;37.352043;55.829701
5697;Москва, Уваровский пер, д.4;40161;37.349533;55.830633;107;0.000557;37.34971;55.830105
5698;Москва, Уваровский пер, д.5;40162;37.351384;55.83021;109;0.000832;37.352043;55.829701
5699;Москва, Уваровский пер, д.5, корп.1;40163;37.352056;55.829754;109;0.000055;37.352043;55.829701
5700;Москва, Уваровский пер, д.7;40164;37.351302;55.828773;109;0.001186;37.352043;55.829701
5701;Москва, Сосновая аллея, д.6;0;0;0;-1;-1;-1;-1
5702;Москва, Восточный / Пехорская ул, д.24;0;0;0;-1;-1;-1;-1
5703;Москва, Большая Набережная ул, д.1, стр.1;0;0;0;-1;-1;-1;-1
5704;Москва, Большая Набережная ул, д.25/1;0;0;0;-1;-1;-1;-1
