"ID","DRIVING_DURATION","DRIVING_DISTANCE"
"1","715","5812"
"2","698","5589"
"3","680","5299"
"4","649","5100"
"5","616","4991"
"6","575","4674"
"7","615","4632"
"8","600","4781"
"9","578","4489"
"10","603","4617"
"11","608","4813"
"12","560","4449"
"13","594","4737"
"14","666","5454"
"15","676","5512"
"16","698","5414"
"17","660","5134"
"18","644","5076"
"19","631","5013"
"20","631","5013"
"21","657","5096"
"22","612","4854"
"23","617","4829"
"24","578","4702"
"25","576","4511"
"26","509","4130"
"27","646","5384"
"28","641","5322"
"29","675","5270"
"30","650","5257"
"31","609","4983"
"32","645","4982"
"33","618","4866"
"34","599","4841"
"35","605","4783"
"36","571","4652"
"37","695","5558"
"38","652","5462"
"39","678","5341"
"40","661","5256"
"41","664","5261"
"42","652","5182"
"43","667","5235"
"44","711","5613"
"45","603","4925"
"46","641","5041"
"47","595","4774"
"48","595","4725"
"49","684","5504"
"50","662","5210"
"51","676","5444"
"52","654","5159"
"53","633","5028"
"54","633","5030"
"55","618","4887"
"56","612","4812"
"57","608","4792"
"58","596","4722"
"59","608","4790"
"60","588","4684"
"61","690","5425"
"62","461","3296"
"63","642","4840"
"64","655","4908"
"65","646","4760"
"66","648","4827"
"67","609","4068"
"68","646","4334"
"69","609","4624"
"70","612","4102"
"71","621","4693"
"72","639","4633"
"73","639","4633"
"74","639","4633"
"75","594","4432"
"76","570","4299"
"77","607","4484"
"78","613","4531"
"79","592","4419"
"80","597","4440"
"81","613","4513"
"82","618","4534"
"83","589","4357"
"84","601","4108"
"85","610","4173"
"86","557","4081"
"87","553","4063"
"88","570","3948"
"89","584","4013"
"90","603","4038"
"91","618","4168"
"92","510","3860"
"93","510","3860"
"94","507","3828"
"95","515","3734"
"96","550","3819"
"97","571","3885"
"98","580","3947"
"99","546","3751"
"100","524","3780"
"101","530","3634"
"102","560","3815"
"103","560","3815"
"104","560","3815"
"105","560","3815"
"106","560","3815"
"107","532","3677"
"108","516","3483"
"109","535","3627"
"110","545","3671"
"111","511","3600"
"112","541","3658"
"113","515","3472"
"114","501","3921"
"115","487","3793"
"116","486","3774"
"117","502","3890"
"118","513","3948"
"119","518","3870"
"120","460","3662"
"121","469","3651"
"122","501","3823"
"123","522","3887"
"124","508","3451"
"125","482","3796"
"126","486","3748"
"127","491","3830"
"128","480","3677"
"129","488","3408"
"130","507","3728"
"131","494","3777"
"132","500","3442"
"133","470","3317"
"134","506","3467"
"135","506","3468"
"136","495","3414"
"137","440","3449"
"138","481","3589"
"139","506","3457"
"140","453","3257"
"141","518","3506"
"142","527","3550"
"143","517","3514"
"144","508","3481"
"145","476","3345"
"146","486","3387"
"147","476","3344"
"148","467","3302"
"149","468","3551"
"150","504","3590"
"151","500","3560"
"152","484","3489"
"153","482","3345"
"154","514","3474"
"155","496","3406"
"156","469","3325"
"157","419","3230"
"158","460","3287"
"159","477","3367"
"160","470","3295"
"161","440","3188"
"162","429","3135"
"163","431","3143"
"164","490","3775"
"165","502","3766"
"166","563","4099"
"167","568","4125"
"168","566","4114"
"169","449","3447"
"170","486","3768"
"171","472","3629"
"172","485","3669"
"173","461","3296"
"174","490","3714"
"175","443","3053"
"176","392","2984"
"177","390","2997"
"178","414","3082"
"179","367","2763"
"180","381","2667"
"181","393","2705"
"182","353","2527"
"183","357","2455"
"184","353","2431"
"185","502","3944"
"186","617","4522"
"187","576","4352"
"188","714","5334"
"189","623","4588"
"190","708","5291"
"191","713","5309"
"192","366","2625"
"193","265","1652"
"194","300","2242"
"195","207","1432"
"196","294","2129"
"197","230","1321"
"198","218","1303"
"199","281","1989"
"200","195","1187"
"201","345","2868"
"202","248","1844"
"203","213","1472"
"204","250","1834"
"205","229","1720"
"206","243","1661"
"207","395","2756"
"208","263","1894"
"209","380","2679"
"210","224","1744"
"211","363","2601"
"212","263","1906"
"213","275","1951"
"214","437","3098"
"215","457","3407"
"216","409","3199"
"217","415","3226"
"218","405","2786"
"219","419","3255"
"220","456","3404"
"221","411","2807"
"222","468","3508"
"223","497","3279"
"224","527","3470"
"225","517","3411"
"226","424","2860"
"227","462","3595"
"228","416","2887"
"229","411","2569"
"230","380","2454"
"231","388","2527"
"232","461","3595"
"233","388","2654"
"234","368","2420"
"235","321","2231"
"236","403","2727"
"237","443","2989"
"238","363","2552"
"239","443","2990"
"240","471","3146"
"241","495","3289"
"242","472","3178"
"243","329","2212"
"244","433","2782"
"245","330","2232"
"246","312","2168"
"247","275","1953"
"248","262","1932"
"249","384","2582"
"250","399","2667"
"251","306","2138"
"252","364","2374"
"253","373","2533"
"254","368","2481"
"255","386","2589"
"256","286","2151"
"257","318","2284"
"258","273","2058"
"259","275","1973"
"260","255","1879"
"261","230","1719"
"262","241","1643"
"263","241","1643"
"264","231","1596"
"265","178","1397"
"266","122","607"
"267","200","1917"
"268","105","547"
"269","232","1986"
"270","210","1983"
"271","211","1620"
"272","198","1514"
"273","224","2075"
"274","230","1049"
"275","194","1465"
"276","206","1953"
"277","130","628"
"278","105","497"
"279","592","4464"
"280","595","4483"
"281","602","4562"
"282","603","4557"
"283","83","375"
"284","62","304"
"285","170","1372"
"286","285","2225"
"287","155","1261"
"288","135","681"
"289","108","561"
"290","359","2585"
"291","369","2630"
"292","318","2246"
"293","343","2490"
"294","350","2408"
"295","336","2439"
"296","358","2537"
"297","333","2352"
"298","318","2289"
"299","324","2192"
"300","322","2299"
"301","327","2341"
"302","138","795"
"303","178","819"
"304","183","843"
"305","159","1216"
"306","206","966"
"307","216","1627"
"308","256","1154"
"309","169","788"
"310","129","607"
"311","196","1440"
"312","222","996"
"313","623","4768"
"314","640","4830"
"315","602","4659"
"316","619","4204"
"317","603","4609"
"318","590","4530"
"319","604","4488"
"320","569","4291"
"321","550","4242"
"322","523","4127"
"323","503","3895"
"324","484","3844"
"325","487","3810"
"326","519","4003"
"327","522","4013"
"328","526","3922"
"329","506","3835"
"330","447","3435"
"331","473","3732"
"332","505","3765"
"333","490","3616"
"334","494","3537"
"335","492","3525"
"336","502","3572"
"337","525","3696"
"338","588","4348"
"339","579","4230"
"340","444","3453"
"341","459","3536"
"342","589","4367"
"343","592","4349"
"344","439","3313"
"345","438","3304"
"346","467","3592"
"347","420","3230"
"348","395","2932"
"349","520","3726"
"350","449","3421"
"351","460","3367"
"352","477","3449"
"353","493","3521"
"354","508","3583"
"355","512","3691"
"356","536","3681"
"357","543","3820"
"358","441","3276"
"359","254","1943"
"360","221","1961"
"361","243","2116"
"362","252","2142"
"363","178","1668"
"364","198","1408"
"365","185","839"
"366","158","729"
"367","158","729"
"368","160","741"
"369","140","650"
"370","184","1352"
"371","193","1130"
"372","196","1539"
"373","194","1628"
"374","251","1763"
"375","253","1888"
"376","267","1232"
"377","249","1146"
"378","175","1260"
"379","217","1715"
"380","155","1181"
"381","273","2066"
"382","219","1530"
"383","165","881"
"384","145","872"
"385","157","938"
"386","151","700"
"387","133","651"
"388","123","689"
"389","142","636"
"390","111","509"
"391","72","340"
"392","48","240"
"393","49","236"
"394","251","1956"
"395","243","1813"
"396","231","1763"
"397","217","1534"
"398","429","3428"
"399","413","2814"
"400","423","2859"
"401","458","2959"
"402","512","3328"
"403","507","3305"
"404","497","3256"
"405","505","3298"
"406","469","3148"
"407","457","3082"
"408","424","2797"
"409","415","2750"
"410","423","3227"
"411","445","3102"
"412","446","3335"
"413","448","3348"
"414","479","3215"
"415","480","3218"
"416","450","3087"
"417","431","2810"
"418","416","2740"
"419","472","3200"
"420","426","2916"
"421","717","5335"
"422","554","4059"
"423","540","4019"
"424","546","4130"
"425","601","4463"
"426","514","3857"
"427","538","3675"
"428","541","3504"
"429","519","3401"
"430","489","3360"
"431","484","3230"
"432","466","3523"
"433","510","3727"
"434","488","3261"
"435","426","3352"
"436","467","3330"
"437","457","3311"
"438","422","3104"
"439","401","3038"
"440","423","3140"
"441","388","2687"
"442","416","3092"
"443","371","2595"
"444","421","3183"
"445","417","3055"
"446","442","3267"
"447","446","3285"
"448","463","3325"
"449","318","2261"
"450","304","2191"
"451","274","2047"
"452","474","3556"
"453","467","3624"
"454","472","3653"
"455","526","3570"
"456","515","3519"
"457","513","3483"
"458","523","3524"
"459","541","3634"
"460","464","3685"
"461","328","2331"
"462","314","2280"
"463","660","5225"
"464","690","6039"
"465","793","7292"
"466","799","7303"
"467","482","4056"
"468","646","5567"
"469","524","4025"
"470","531","3845"
"471","524","3832"
"472","653","5582"
"473","480","3883"
"474","512","3784"
"475","506","3750"
"476","461","3788"
"477","507","3740"
"478","611","5194"
"479","469","3722"
"480","624","5252"
"481","461","3686"
"482","635","5311"
"483","455","3637"
"484","646","5366"
"485","651","5412"
"486","550","4711"
"487","588","4529"
"488","597","4544"
"489","590","4549"
"490","588","4525"
"491","581","4503"
"492","561","4431"
"493","560","4427"
"494","553","4391"
"495","546","4378"
"496","553","4391"
"497","508","4152"
"498","508","4152"
"499","469","3886"
"500","483","3847"
"501","483","3847"
"502","476","3769"
"503","471","3718"
"504","471","3716"
"505","464","3651"
"506","684","6028"
"507","468","3571"
"508","483","3642"
"509","465","3555"
"510","443","3441"
"511","480","3397"
"512","453","3472"
"513","460","3505"
"514","478","3594"
"515","452","3487"
"516","430","3092"
"517","430","3091"
"518","422","3038"
"519","395","2952"
"520","458","3290"
"521","470","3330"
"522","443","3247"
"523","474","3367"
"524","597","4979"
"525","539","4628"
"526","548","4708"
"527","571","4797"
"528","583","4849"
"529","583","4849"
"530","540","4300"
"531","571","4484"
"532","559","4564"
"533","486","3676"
"534","490","3748"
"535","389","2958"
"536","388","2871"
"537","369","2842"
"538","336","2671"
"539","333","2706"
"540","339","2754"
"541","353","2817"
"542","375","2923"
"543","257","2092"
"544","257","2243"
"545","240","2151"
"546","211","2031"
"547","517","3577"
"548","460","3374"
"549","429","3313"
"550","574","4439"
"551","579","4527"
"552","556","4379"
"553","410","3018"
"554","533","3915"
"555","512","3901"
"556","557","4030"
"557","678","6234"
"558","675","6216"
"559","669","6009"
"560","681","6008"
"561","683","6101"
"562","696","5810"
"563","665","5679"
"564","626","5276"
"565","642","5352"
"566","608","5033"
"567","579","4953"
"568","560","4768"
"569","569","4732"
"570","586","4816"
"571","570","4733"
"572","588","4764"
"573","561","4624"
"574","562","4628"
"575","578","4705"
"576","578","4705"
"577","524","4250"
"578","559","4626"
"579","552","4489"
"580","568","4565"
"581","518","4209"
"582","552","4486"
"583","584","4533"
"584","554","4383"
"585","554","4383"
"586","534","4259"
"587","552","4150"
"588","534","4104"
"589","547","4117"
"590","544","4139"
"591","514","4006"
"592","522","4071"
"593","527","3860"
"594","518","3825"
"595","518","3827"
"596","673","6450"
"597","881","7101"
"598","799","6599"
"599","918","7492"
"600","890","7226"
"601","893","7223"
"602","917","7305"
"603","909","7371"
"604","919","7421"
"605","936","7578"
"606","899","7307"
"607","910","7343"
"608","902","7303"
"609","883","7081"
"610","839","6725"
"611","850","6746"
"612","881","7101"
"613","856","7114"
"614","861","7166"
"615","868","7197"
"616","853","6837"
"617","860","7103"
"618","889","7282"
"619","838","6742"
"620","679","5342"
"621","679","5342"
"622","675","5315"
"623","671","5323"
"624","675","5319"
"625","737","5956"
"626","733","5937"
"627","727","5750"
"628","754","6210"
"629","763","6243"
"630","735","6000"
"631","718","5799"
"632","711","5812"
"633","726","5886"
"634","691","5541"
"635","635","5394"
"636","752","6090"
"637","770","6160"
"638","683","5415"
"639","677","5206"
"640","670","5149"
"641","655","5076"
"642","662","5133"
"643","656","5077"
"644","635","5044"
"645","627","4959"
"646","722","5969"
"647","761","6131"
"648","709","5915"
"649","730","6018"
"650","891","7177"
"651","895","7221"
"652","888","7207"
"653","893","7067"
"654","899","7076"
"655","858","6962"
"656","909","7336"
"657","912","7355"
"658","897","7213"
"659","881","7619"
"660","842","6771"
"661","833","6730"
"662","841","6995"
"663","853","6995"
"664","810","6661"
"665","855","7076"
"666","792","6577"
"667","846","6797"
"668","787","6425"
"669","849","6783"
"670","856","6795"
"671","861","6774"
"672","841","6721"
"673","843","6801"
"674","800","6507"
"675","827","6687"
"676","835","6757"
"677","777","6525"
"678","848","6670"
"679","846","6660"
"680","764","6232"
"681","822","6602"
"682","825","6648"
"683","735","6053"
"684","731","5912"
"685","763","6337"
"686","728","5893"
"687","736","5799"
"688","736","5932"
"689","721","5672"
"690","747","6192"
"691","711","5806"
"692","717","5833"
"693","745","6194"
"694","749","6184"
"695","740","6169"
"696","746","6216"
"697","749","6265"
"698","881","7104"
"699","665","5547"
"700","675","5528"
"701","678","5583"
"702","657","5258"
"703","654","5422"
"704","662","5277"
"705","658","5412"
"706","658","5356"
"707","650","5239"
"708","667","5336"
"709","664","5148"
"710","669","5179"
"711","646","5267"
"712","623","5164"
"713","628","5178"
"714","630","4987"
"715","635","5154"
"716","632","4988"
"717","654","5258"
"718","634","5209"
"719","658","5380"
"720","875","7076"
"721","643","5247"
"722","624","5172"
"723","884","7157"
"724","873","6873"
"725","904","7261"
"726","803","6761"
"727","796","6764"
"728","778","6625"
"729","766","6547"
"730","760","6374"
"731","757","6327"
"732","785","6650"
"733","847","6972"
"734","845","6959"
"735","754","6405"
"736","761","6494"
"737","746","6311"
"738","780","6522"
"739","792","6597"
"740","772","6358"
"741","809","6908"
"742","833","7038"
"743","841","6991"
"744","849","7103"
"745","797","6635"
"746","830","6912"
"747","796","6628"
"748","831","6913"
"749","857","6746"
"750","868","6885"
"751","843","6697"
"752","823","6620"
"753","878","6882"
"754","847","6775"
"755","856","6848"
"756","823","6627"
"757","822","6560"
"758","758","6307"
"759","754","6251"
"760","792","6402"
"761","789","6423"
"762","791","6300"
"763","799","6599"
"764","883","7114"
"765","848","6821"
"766","836","6906"
"767","842","6684"
"768","829","6631"
"769","818","6489"
"770","757","6194"
"771","750","6126"
"772","794","6357"
"773","769","6275"
"774","771","6286"
"775","747","6138"
"776","715","5833"
"777","748","6078"
"778","698","5631"
"779","687","5585"
"780","716","5903"
"781","714","5886"
"782","681","5529"
"783","675","5523"
"784","703","5644"
"785","697","5586"
"786","684","5538"
"787","740","5970"
"788","656","5409"
"789","701","5800"
"790","643","5317"
"791","642","5191"
"792","664","5351"
"793","693","5600"
"794","621","5087"
"795","635","5136"
"796","645","5192"
"797","677","5513"
"798","690","5575"
"799","687","5262"
"800","845","6824"
"801","854","6865"
"802","837","6784"
"803","662","5441"
"804","682","5515"
"805","634","5248"
"806","624","5146"
"807","626","5113"
"808","588","4831"
"809","601","4883"
"810","614","4933"
"811","627","5181"
"812","633","5198"
"813","652","5274"
"814","655","5287"
"815","647","5138"
"816","637","5102"
"817","610","4936"
"818","632","5009"
"819","843","6759"
"820","612","4850"
"821","618","4873"
"822","581","4725"
"823","590","4751"
"824","607","4813"
"825","614","4840"
"826","828","6704"
"827","830","6624"
"828","797","6402"
"829","798","6500"
"830","800","6505"
"831","816","6564"
"832","793","6383"
"833","781","6223"
"834","800","6429"
"835","791","6376"
"836","825","6515"
"837","758","6175"
"838","783","6316"
"839","765","6215"
"840","773","6250"
"841","789","6352"
"842","780","6285"
"843","767","6311"
"844","779","6043"
"845","758","5959"
"846","759","6158"
"847","755","6183"
"848","771","5986"
"849","764","5949"
"850","825","6515"
"851","831","6681"
"852","814","6466"
"853","822","6646"
"854","810","6451"
"855","812","6545"
"856","800","6405"
"857","722","5815"
"858","722","5748"
"859","710","5767"
"860","715","5791"
"861","684","5355"
"862","662","5283"
"863","669","5395"
"864","811","6469"
"865","815","6461"
"866","809","6329"
"867","786","6270"
"868","806","6334"
"869","655","5193"
"870","667","5248"
"871","652","5190"
"872","671","5270"
"873","666","5162"
"874","651","5098"
"875","669","5174"
"876","677","5150"
"877","654","5118"
"878","675","5162"
"879","786","6344"
"880","681","5744"
"881","616","4666"
"882","630","4727"
"883","637","4750"
"884","650","4817"
"885","653","4832"
"886","615","4663"
"887","616","4637"
"888","636","4726"
"889","722","5879"
"890","750","5947"
"891","784","6301"
"892","764","6054"
"893","723","5791"
"894","744","5908"
"895","714","5753"
"896","781","6131"
"897","758","5953"
"898","747","5917"
"899","761","5935"
"900","749","5935"
"901","714","5661"
"902","731","5705"
"903","796","6200"
"904","801","6230"
"905","808","6261"
"906","750","5899"
"907","726","5806"
"908","765","6278"
"909","733","5812"
"910","760","6096"
"911","755","6075"
"912","759","6110"
"913","797","6235"
"914","695","5591"
"915","707","5631"
"916","705","5625"
"917","689","5545"
"918","731","5606"
"919","725","5605"
"920","651","5333"
"921","797","6208"
"922","727","5580"
"923","693","5450"
"924","779","6149"
"925","684","5233"
"926","631","4967"
"927","652","4914"
"928","648","5097"
"929","626","4833"
"930","602","4439"
"931","590","4388"
"932","579","4336"
"933","569","4287"
"934","761","6060"
"935","773","6152"
"936","791","6220"
"937","627","4898"
"938","635","4938"
"939","610","4813"
"940","619","4854"
"941","638","4930"
"942","557","4306"
"943","552","4099"
"944","590","4261"
"945","590","4260"
"946","591","4278"
"947","620","4419"
"948","621","4420"
"949","762","6081"
"950","781","6212"
"951","544","4078"
"952","543","4077"
"953","570","4183"
"954","586","4249"
"955","613","4381"
"956","613","4381"
"957","763","6104"
"958","748","6012"
"959","744","6002"
"960","699","5637"
"961","691","5534"
"962","710","5581"
"963","721","5986"
"964","751","6184"
"965","688","5458"
"966","718","5976"
"967","717","5720"
"968","724","5759"
"969","683","5446"
"970","708","5857"
"971","709","5692"
"972","702","5647"
"973","742","6018"
"974","653","5204"
"975","702","5594"
"976","702","5593"
"977","681","5508"
"978","681","5222"
"979","689","5351"
"980","658","5256"
"981","658","5292"
"982","666","5106"
"983","669","5349"
"984","631","5021"
"985","630","5017"
"986","631","4947"
"987","740","6240"
"988","651","5014"
"989","674","5345"
"990","672","5333"
"991","686","5194"
"992","714","5828"
"993","720","5893"
"994","894","7185"
"995","879","7200"
"996","866","7122"
"997","853","7029"
"998","829","6840"
"999","908","7267"
"1000","902","7388"
"1001","855","7107"
"1002","872","7090"
"1003","866","7079"
"1004","868","7091"
"1005","911","7424"
"1006","881","7166"
"1007","887","7267"
"1008","851","7199"
"1009","860","7258"
"1010","861","7113"
"1011","855","6995"
"1012","876","7280"
"1013","863","7190"
"1014","726","6180"
"1015","728","5960"
"1016","723","5935"
"1017","748","6078"
"1018","729","5940"
"1019","747","5893"
"1020","742","5867"
"1021","735","5831"
"1022","719","5790"
"1023","748","6062"
"1024","716","5767"
"1025","689","5567"
"1026","742","5757"
"1027","729","5756"
"1028","719","5668"
"1029","690","5572"
"1030","702","5479"
"1031","685","5519"
"1032","673","5696"
"1033","692","5273"
"1034","686","5513"
"1035","686","5513"
"1036","668","5502"
"1037","726","5896"
"1038","933","7584"
"1039","927","7527"
"1040","896","7329"
"1041","911","7393"
"1042","897","7212"
"1043","882","7164"
"1044","900","7171"
"1045","882","6973"
"1046","863","6909"
"1047","860","6781"
"1048","844","6722"
"1049","825","6534"
"1050","838","6599"
"1051","820","6510"
"1052","825","6537"
"1053","817","6864"
"1054","805","6835"
"1055","769","6432"
"1056","803","6315"
"1057","760","6308"
"1058","731","6106"
"1059","757","6160"
"1060","751","6158"
"1061","857","7484"
"1062","811","6778"
"1063","863","7373"
"1064","864","7291"
"1065","882","7438"
"1066","810","6782"
"1067","866","7177"
"1068","840","7142"
"1069","854","7135"
"1070","866","7194"
"1071","818","6828"
"1072","815","6813"
"1073","800","6728"
"1074","824","6864"
"1075","816","6664"
"1076","796","6591"
"1077","808","6648"
"1078","811","6503"
"1079","863","7463"
"1080","857","7353"
"1081","924","7587"
"1082","849","7316"
"1083","844","7275"
"1084","889","7782"
"1085","936","7646"
"1086","923","7514"
"1087","923","7516"
"1088","852","7285"
"1089","838","7167"
"1090","835","7112"
"1091","826","7059"
"1092","605","4641"
"1093","615","4689"
"1094","605","4603"
"1095","594","4556"
"1096","607","4660"
"1097","617","4717"
"1098","603","4590"
"1099","633","4708"
"1100","591","4546"
"1101","625","4693"
"1102","588","4452"
"1103","610","4620"
"1104","588","4452"
"1105","785","6418"
"1106","796","6352"
"1107","772","6244"
"1108","778","6230"
"1109","793","6278"
"1110","767","6211"
"1111","752","6039"
"1112","764","6108"
"1113","752","6068"
"1114","796","6408"
"1115","748","5998"
"1116","738","6131"
"1117","744","6198"
"1118","730","6034"
"1119","798","6442"
"1120","735","6066"
"1121","722","5880"
"1122","711","5852"
"1123","721","5839"
"1124","718","5839"
"1125","719","5795"
"1126","681","5688"
"1127","799","6436"
"1128","789","6338"
"1129","796","6372"
"1130","829","6857"
"1131","840","6936"
"1132","861","7038"
"1133","797","6521"
"1134","786","6589"
"1135","779","6386"
"1136","766","6489"
"1137","769","6515"
"1138","743","6201"
"1139","751","6237"
"1140","788","6601"
"1141","788","6601"
"1142","804","6746"
"1143","776","6590"
"1144","742","5959"
"1145","749","6149"
"1146","733","6077"
"1147","768","6421"
"1148","798","6653"
"1149","794","6541"
"1150","727","5911"
"1151","783","6499"
"1152","791","6546"
"1153","797","6572"
"1154","819","6883"
"1155","710","5836"
"1156","766","6288"
"1157","773","6332"
"1158","778","6358"
"1159","711","5832"
"1160","682","5739"
"1161","743","6207"
"1162","744","6215"
"1163","759","6554"
"1164","701","5746"
"1165","745","6271"
"1166","755","6309"
"1167","775","6386"
"1168","776","6382"
"1169","820","6839"
"1170","761","6399"
"1171","800","6500"
"1172","783","6536"
"1173","769","6474"
"1174","795","6634"
"1175","799","6651"
"1176","783","6605"
"1177","816","6800"
"1178","805","6760"
"1179","923","7681"
"1180","806","6766"
"1181","767","6467"
"1182","764","6418"
"1183","812","6788"
"1184","885","7471"
"1185","905","7409"
"1186","897","7277"
"1187","894","7252"
"1188","889","7243"
"1189","869","7105"
"1190","876","7174"
"1191","848","6959"
"1192","906","7281"
"1193","830","6853"
"1194","903","7290"
"1195","864","6938"
"1196","888","7440"
"1197","909","7533"
"1198","859","6920"
"1199","869","6902"
"1200","854","6744"
"1201","811","6657"
"1202","833","6665"
"1203","824","6634"
"1204","820","6599"
"1205","896","7503"
"1206","810","6599"
"1207","786","6429"
"1208","797","6440"
"1209","810","6484"
"1210","779","6317"
"1211","767","6340"
"1212","762","6273"
"1213","875","7336"
"1214","889","7348"
"1215","768","6274"
"1216","773","6204"
"1217","776","6114"
"1218","759","6169"
"1219","789","6182"
"1220","774","6107"
"1221","760","6068"
"1222","770","6119"
"1223","731","5958"
"1224","745","5895"
"1225","736","5786"
"1226","732","5766"
"1227","877","7288"
"1228","909","7426"
"1229","723","5715"
"1230","757","6085"
"1231","741","6031"
"1232","717","5988"
"1233","908","7426"
"1234","704","5843"
"1235","722","6010"
"1236","716","5759"
"1237","714","5830"
"1238","717","5782"
"1239","706","5784"
"1240","707","5625"
"1241","703","5774"
"1242","867","7225"
"1243","712","5626"
"1244","692","5509"
"1245","701","5559"
"1246","906","7227"
"1247","902","7038"
"1248","889","6977"
"1249","825","6871"
"1250","809","6730"
"1251","721","5964"
"1252","692","5836"
"1253","687","5768"
"1254","720","5851"
"1255","731","5905"
"1256","717","5656"
"1257","708","5629"
"1258","702","5603"
"1259","650","5398"
"1260","662","5458"
"1261","633","5001"
"1262","598","4842"
"1263","604","4834"
"1264","614","4887"
"1265","620","4675"
"1266","614","4824"
"1267","595","4717"
"1268","606","4803"
"1269","589","4653"
"1270","756","6328"
"1271","746","6298"
"1272","768","6402"
"1273","778","6567"
"1274","793","6481"
"1275","781","6421"
"1276","619","4936"
"1277","635","4960"
"1278","839","6890"
"1279","826","6904"
"1280","751","6220"
"1281","709","6032"
"1282","711","5666"
"1283","726","5719"
"1284","732","5596"
"1285","708","5974"
"1286","671","5638"
"1287","670","5634"
"1288","664","5586"
"1289","664","5587"
"1290","672","5676"
"1291","688","5875"
"1292","714","5989"
"1293","729","6057"
"1294","677","5652"
"1295","681","5780"
"1296","681","5779"
"1297","852","7006"
"1298","836","6676"
"1299","822","6597"
"1300","854","6755"
"1301","854","6728"
"1302","795","6648"
"1303","799","6666"
"1304","707","5796"
"1305","687","5706"
"1306","675","5645"
"1307","666","5531"
"1308","637","5164"
"1309","615","5033"
"1310","635","5171"
"1311","636","5296"
"1312","624","5009"
"1313","600","4793"
"1314","892","7177"
"1315","616","4889"
"1316","577","4750"
"1317","633","4469"
"1318","594","4830"
"1319","594","4831"
"1320","579","4741"
"1321","631","4429"
"1322","594","4273"
"1323","582","4233"
"1324","579","4221"
"1325","552","4122"
"1326","881","7123"
"1327","869","7064"
"1328","768","6209"
"1329","752","6134"
"1330","723","5935"
"1331","719","5790"
"1332","769","6474"
"1333","769","6474"
"1334","845","6897"
"1335","833","6665"
"1336","824","6634"
"1337","820","6599"
"1338","896","7503"
"1339","810","6599"
"1340","786","6429"
"1341","797","6440"
"1342","810","6484"
"1343","779","6317"
"1344","767","6340"
"1345","762","6273"
"1346","875","7336"
"1347","889","7348"
"1348","768","6274"
"1349","773","6204"
"1350","776","6114"
"1351","759","6169"
"1352","789","6182"
"1353","774","6107"
"1354","760","6068"
"1355","770","6119"
"1356","731","5958"
"1357","745","5895"
"1358","736","5786"
"1359","732","5766"
"1360","877","7288"
"1361","909","7426"
"1362","723","5715"
"1363","757","6085"
"1364","741","6031"
"1365","717","5988"
"1366","908","7426"
"1367","704","5843"
"1368","722","6010"
"1369","716","5759"
"1370","714","5830"
"1371","717","5782"
"1372","706","5784"
"1373","707","5625"
"1374","703","5774"
"1375","867","7225"
"1376","712","5626"
"1377","692","5509"
"1378","701","5559"
"1379","906","7227"
"1380","902","7038"
"1381","889","6977"
"1382","825","6871"
"1383","809","6730"
"1384","721","5964"
"1385","692","5836"
"1386","687","5768"
"1387","720","5851"
"1388","731","5905"
"1389","717","5656"
"1390","708","5629"
"1391","702","5603"
"1392","650","5398"
"1393","662","5458"
"1394","633","5001"
"1395","598","4842"
"1396","604","4834"
"1397","614","4887"
"1398","620","4675"
"1399","614","4824"
"1400","595","4717"
"1401","606","4803"
"1402","589","4653"
"1403","756","6328"
"1404","746","6298"
"1405","768","6402"
"1406","778","6567"
"1407","793","6481"
"1408","781","6421"
"1409","619","4936"
"1410","635","4960"
"1411","839","6890"
"1412","826","6904"
"1413","751","6220"
"1414","709","6032"
"1415","711","5666"
"1416","726","5719"
"1417","732","5596"
"1418","708","5974"
"1419","671","5638"
"1420","670","5634"
"1421","664","5586"
"1422","664","5587"
"1423","672","5676"
"1424","688","5875"
"1425","714","5989"
"1426","729","6057"
"1427","677","5652"
"1428","681","5780"
"1429","681","5779"
"1430","852","7006"
"1431","836","6676"
"1432","822","6597"
"1433","854","6755"
"1434","854","6728"
"1435","795","6648"
"1436","799","6666"
"1437","707","5796"
"1438","687","5706"
"1439","675","5645"
"1440","666","5531"
"1441","637","5164"
"1442","615","5033"
"1443","635","5171"
"1444","636","5296"
"1445","624","5009"
"1446","600","4793"
"1447","892","7177"
"1448","616","4889"
"1449","577","4750"
"1450","633","4469"
"1451","594","4830"
"1452","594","4831"
"1453","579","4741"
"1454","631","4429"
"1455","594","4273"
"1456","582","4233"
"1457","579","4221"
"1458","552","4122"
"1459","881","7123"
"1460","869","7064"
"1461","768","6209"
"1462","752","6134"
"1463","723","5935"
"1464","719","5790"
"1465","769","6474"
"1466","769","6474"
"1467","845","6897"
"1468","461","3296"
"1469","642","4840"
"1470","655","4908"
"1471","646","4760"
"1472","648","4827"
"1473","609","4068"
"1474","646","4334"
"1475","609","4624"
"1476","612","4102"
"1477","621","4693"
"1478","639","4633"
"1479","639","4633"
"1480","639","4633"
"1481","594","4432"
"1482","570","4299"
"1483","607","4484"
"1484","613","4531"
"1485","592","4419"
"1486","597","4440"
"1487","613","4513"
"1488","618","4534"
"1489","589","4357"
"1490","601","4108"
"1491","610","4173"
"1492","557","4081"
"1493","553","4063"
"1494","570","3948"
"1495","584","4013"
"1496","603","4038"
"1497","618","4168"
"1498","510","3860"
"1499","510","3860"
"1500","507","3828"
"1501","510","3860"
"1502","515","3734"
"1503","558","4026"
"1504","550","3819"
"1505","571","3885"
"1506","580","3947"
"1507","546","3751"
"1508","524","3780"
"1509","530","3634"
"1510","560","3815"
"1511","560","3815"
"1512","560","3815"
"1513","560","3815"
"1514","560","3815"
"1515","532","3677"
"1516","516","3483"
"1517","535","3627"
"1518","545","3671"
"1519","511","3600"
"1520","541","3658"
"1521","515","3472"
"1522","501","3921"
"1523","487","3793"
"1524","486","3774"
"1525","502","3890"
"1526","513","3948"
"1527","518","3870"
"1528","460","3662"
"1529","469","3651"
"1530","501","3823"
"1531","522","3887"
"1532","508","3451"
"1533","482","3796"
"1534","486","3748"
"1535","486","3748"
"1536","491","3830"
"1537","480","3677"
"1538","488","3408"
"1539","507","3728"
"1540","494","3777"
"1541","500","3442"
"1542","470","3317"
"1543","506","3467"
"1544","506","3468"
"1545","495","3414"
"1546","440","3449"
"1547","481","3589"
"1548","506","3457"
"1549","453","3257"
"1550","518","3506"
"1551","527","3550"
"1552","517","3514"
"1553","508","3481"
"1554","476","3345"
"1555","486","3387"
"1556","476","3344"
"1557","467","3302"
"1558","468","3551"
"1559","504","3590"
"1560","500","3560"
"1561","484","3489"
"1562","482","3345"
"1563","514","3474"
"1564","496","3406"
"1565","469","3325"
"1566","419","3230"
"1567","460","3287"
"1568","477","3367"
"1569","470","3295"
"1570","440","3188"
"1571","429","3135"
"1572","431","3143"
"1573","490","3775"
"1574","502","3766"
"1575","563","4099"
"1576","568","4125"
"1577","566","4114"
"1578","449","3447"
"1579","486","3768"
"1580","472","3629"
"1581","485","3669"
"1582","461","3296"
"1583","490","3714"
"1584","443","3053"
"1585","392","2984"
"1586","390","2997"
"1587","414","3082"
"1588","367","2763"
"1589","381","2667"
"1590","393","2705"
"1591","353","2527"
"1592","357","2455"
"1593","353","2431"
"1594","502","3944"
"1595","617","4522"
"1596","576","4352"
"1597","714","5334"
"1598","623","4588"
"1599","708","5291"
"1600","713","5309"
"1601","592","4464"
"1602","595","4483"
"1603","602","4562"
"1604","603","4557"
"1605","623","4768"
"1606","640","4830"
"1607","602","4659"
"1608","619","4204"
"1609","603","4609"
"1610","590","4530"
"1611","604","4488"
"1612","569","4291"
"1613","550","4242"
"1614","523","4127"
"1615","503","3895"
"1616","484","3844"
"1617","487","3810"
"1618","519","4003"
"1619","522","4013"
"1620","526","3922"
"1621","506","3835"
"1622","447","3435"
"1623","473","3732"
"1624","505","3765"
"1625","490","3616"
"1626","494","3537"
"1627","492","3525"
"1628","502","3572"
"1629","525","3696"
"1630","588","4348"
"1631","579","4230"
"1632","444","3453"
"1633","459","3536"
"1634","589","4367"
"1635","592","4349"
"1636","439","3313"
"1637","438","3304"
"1638","467","3592"
"1639","420","3230"
"1640","717","5335"
"1641","554","4059"
"1642","540","4019"
"1643","546","4130"
"1644","601","4463"
"1645","564","4550"
"1646","564","4550"
"1647","489","3360"
"1648","467","3330"
"1649","457","3311"
"1650","422","3104"
"1651","421","3183"
"1652","442","3267"
"1653","446","3285"
"1654","463","3325"
"1655","474","3556"
"1656","467","3624"
"1657","472","3653"
"1658","526","3570"
"1659","515","3519"
"1660","513","3483"
"1661","523","3524"
"1662","541","3634"
"1663","464","3685"
"1664","328","2331"
"1665","314","2280"
"1666","660","5225"
"1667","665","5242"
"1668","651","5013"
"1669","678","5335"
"1670","646","4812"
"1671","640","4894"
"1672","644","4733"
"1673","600","4561"
"1674","623","4706"
"1675","615","4610"
"1676","594","4529"
"1677","638","4730"
"1678","619","4629"
"1679","630","4629"
"1680","632","4470"
"1681","608","4390"
"1682","602","4364"
"1683","619","4623"
"1684","558","4303"
"1685","554","4278"
"1686","535","4163"
"1687","546","4192"
"1688","561","4250"
"1689","541","3964"
"1690","530","4066"
"1691","554","4318"
"1692","558","4338"
"1693","569","4411"
"1694","600","4530"
"1695","603","4541"
"1696","541","4141"
"1697","548","4159"
"1698","564","4230"
"1699","569","4235"
"1700","525","4140"
"1701","500","4011"
"1702","497","3965"
"1703","503","3833"
"1704","511","3953"
"1705","497","3803"
"1706","485","3767"
"1707","464","3613"
"1708","706","5252"
"1709","690","5368"
"1710","696","4987"
"1711","686","5344"
"1712","661","4838"
"1713","660","4833"
"1714","652","4817"
"1715","651","4811"
"1716","643","4985"
"1717","651","4818"
"1718","602","4841"
"1719","603","4616"
"1720","580","4503"
"1721","585","4522"
"1722","599","4600"
"1723","541","4342"
"1724","534","4277"
"1725","662","5253"
"1726","658","5232"
"1727","661","5245"
"1728","686","5352"
"1729","635","4705"
"1730","664","4815"
"1731","630","4469"
"1732","629","4621"
"1733","607","4377"
"1734","606","4378"
"1735","588","4316"
"1736","555","4203"
"1737","539","4128"
"1738","562","4222"
"1739","537","4122"
"1740","526","4063"
"1741","525","4075"
"1742","490","3753"
"1743","483","3705"
"1744","545","3880"
"1745","547","3947"
"1746","470","3544"
"1747","484","3516"
"1748","445","3419"
"2301","756","6479"
"2302","665","5739"
"2303","701","5964"
"2304","695","5919"
"2305","677","5787"
"2306","684","5792"
"2307","672","5824"
"2308","685","5845"
"2309","732","6423"
"2310","722","5987"
"2311","733","6037"
"2312","723","6322"
"2313","758","6122"
"2314","731","6315"
"2315","766","6398"
"2316","754","6361"
"2317","711","6190"
"2318","752","6365"
"2319","798","6846"
"2320","712","6196"
"2321","723","6134"
"2322","688","6039"
"2323","707","6073"
"2324","708","6023"
"2325","676","5884"
"2326","713","5987"
"2327","691","5853"
"2328","701","5976"
"2329","768","6662"
"2330","798","6685"
"2331","780","6531"
"2332","767","6470"
"2333","746","6383"
"2334","801","6914"
"2335","807","6969"
"2336","772","6648"
"2337","763","6560"
"2338","751","6487"
"2339","789","6686"
"2340","827","7069"
"2341","813","7011"
"2342","811","7063"
"2343","826","7140"
"2344","816","7144"
"2345","832","7221"
"2346","822","7218"
"2347","794","6636"
"2348","820","6709"
"2349","807","6648"
"2350","795","6586"
"2351","763","6464"
"2352","791","6734"
"2353","776","6662"
"2354","772","6662"
"2355","751","6390"
"2356","765","6449"
"2357","774","6505"
"2358","799","6614"
"2359","800","6621"
"2360","760","6658"
"2361","820","6815"
"2362","794","6688"
"2363","793","6686"
"2364","797","6705"
"2365","814","6806"
"2366","792","6652"
"2367","833","6873"
"2368","753","6540"
"2369","729","6106"
"2370","703","6037"
"2371","691","5987"
"2372","699","5949"
"2373","753","6486"
"2374","769","6479"
"2375","732","6162"
"2376","748","6246"
"2377","701","6027"
"2378","697","6066"
"2379","747","6247"
"2380","755","6296"
"2381","739","6337"
"2382","713","6215"
"2383","744","6337"
"2384","727","6336"
"2385","756","6241"
"2386","751","6389"
"2387","811","6698"
"2388","794","6714"
"2389","796","6630"
"2390","813","6709"
"2391","804","6761"
"2392","826","6750"
"2393","815","6808"
"2394","793","6610"
"2395","758","6469"
"2396","750","6432"
"2397","734","6344"
"2398","751","6434"
"2399","788","6599"
"2400","764","6537"
"2401","772","6517"
"2402","801","6658"
"2403","739","6330"
"2404","740","6454"
"2405","759","6528"
"2406","750","6536"
"2407","750","6466"
"2408","750","6466"
"2409","761","6475"
"2410","771","6582"
"2411","771","6582"
"2412","770","6596"
"2413","801","6714"
"2414","808","6757"
"2415","817","6805"
"2416","797","6727"
"2417","807","6778"
"2418","805","6772"
"2419","812","6812"
"2420","786","6673"
"2421","851","6952"
"2422","763","6576"
"2423","771","6548"
"2424","756","6521"
"2425","783","6651"
"2426","782","6686"
"2427","790","6740"
"2428","769","6534"
"2429","761","6538"
"2430","772","6529"
"2431","786","6599"
"2432","748","6457"
"2433","778","6684"
"2434","817","6818"
"2435","838","6896"
"2436","789","6739"
"2437","793","6762"
"2438","782","6704"
"2439","789","6755"
"2440","802","6816"
"2441","797","6805"
"2442","809","6866"
"2443","817","6815"
"3949","679","5342"
"3950","675","5315"
"3951","671","5323"
"3952","675","5319"
"3953","635","5394"
"3954","683","5415"
"3955","677","5206"
"3956","670","5149"
"3957","655","5076"
"3958","662","5133"
"3959","656","5077"
"3960","635","5044"
"3961","627","4959"
"3962","764","6232"
"3963","825","6648"
"3964","735","6053"
"3965","731","5912"
"3966","763","6337"
"3967","728","5893"
"3968","736","5799"
"3969","736","5932"
"3970","721","5672"
"3971","747","6192"
"3972","711","5806"
"3973","717","5833"
"3974","710","5801"
"3975","745","6194"
"3976","749","6184"
"3977","740","6169"
"3978","746","6216"
"3979","749","6265"
"3980","766","6547"
"3981","785","6650"
"3982","847","6972"
"3983","845","6959"
"3984","754","6405"
"3985","761","6494"
"3986","746","6311"
"3987","780","6522"
"3988","792","6597"
"3989","772","6358"
"3990","757","6194"
"3991","750","6126"
"3992","769","6275"
"3993","747","6138"
"3994","715","5833"
"3995","748","6078"
"3996","698","5631"
"3997","687","5585"
"3998","716","5903"
"3999","714","5886"
"4000","681","5529"
"4001","675","5523"
"4002","703","5644"
"4003","697","5586"
"4004","684","5538"
"4005","740","5970"
"4006","656","5409"
"4007","701","5800"
"4008","702","5641"
"4009","693","5600"
"4010","677","5513"
"4011","690","5575"
"4012","687","5262"
"4013","662","5441"
"4014","682","5515"
"4015","670","5480"
"4016","759","6158"
"4017","755","6183"
"4018","710","5767"
"4019","715","5791"
"4020","684","5355"
"4021","662","5283"
"4022","669","5395"
"4023","655","5193"
"4024","667","5248"
"4025","652","5190"
"4026","671","5270"
"4027","666","5162"
"4028","651","5098"
"4029","669","5174"
"4030","677","5150"
"4031","654","5118"
"4032","675","5162"
"4033","681","5744"
"4034","684","5233"
"4035","631","4967"
"4036","652","4914"
"4037","648","5097"
"4038","626","4833"
"4039","627","4898"
"4040","635","4938"
"4041","610","4813"
"4042","619","4854"
"4043","638","4930"
"4044","557","4306"
"4045","611","4820"
"4046","613","4819"
"4047","577","4198"
"4048","699","5637"
"4049","691","5534"
"4050","710","5581"
"4051","721","5986"
"4052","751","6184"
"4053","688","5458"
"4054","718","5976"
"4055","717","5720"
"4056","724","5759"
"4057","683","5446"
"4058","708","5857"
"4059","709","5692"
"4060","702","5647"
"4061","742","6018"
"4062","653","5204"
"4063","702","5594"
"4064","702","5593"
"4065","681","5508"
"4066","689","5351"
"4067","658","5292"
"4068","666","5106"
"4069","631","5021"
"4070","630","5017"
"4071","631","4947"
"4072","740","6240"
"4073","651","5014"
"4074","674","5345"
"4075","672","5333"
"4076","686","5194"
"4077","714","5828"
"4078","720","5893"
"4079","726","6180"
"4080","728","5960"
"4081","723","5935"
"4082","729","5940"
"4083","748","6062"
"4084","689","5567"
"4085","690","5572"
"4086","673","5696"
"4087","692","5273"
"4088","686","5513"
"4089","668","5502"
"4090","726","5896"
"4091","779","6386"
"4092","776","6590"
"4093","806","6766"
"4094","720","5851"
"4095","731","5905"
"4096","717","5656"
"4097","708","5629"
"4098","702","5603"
"4099","650","5398"
"4100","662","5458"
"4101","614","4824"
"4102","619","4936"
"4103","635","4960"
"4104","768","6209"
"4105","752","6134"
"4106","723","5935"
"4107","719","5790"
"4921","653","5393"
"4922","735","6000"
"4923","761","6131"
"4924","743","6039"
"4925","675","5620"
"4926","679","5578"
"4927","728","5856"
"4928","742","5923"
"4929","683","5482"
"4930","690","5564"
"4931","692","5449"
"4932","676","5417"
"4933","670","5326"
"4934","653","5387"
"4935","661","5438"
"4936","670","5503"
"4937","677","5559"
"4938","615","4890"
"4939","609","4862"
"4940","582","4750"
"4941","583","4651"
"4942","690","5807"
"4943","706","5668"
"4944","679","5671"
"4945","668","5532"
"4946","657","5397"
"4947","710","5961"
"4948","734","5866"
"4949","749","6124"
"4950","711","5852"
"4951","721","5839"
"4952","718","5839"
"4953","707","5729"
"4954","719","5795"
"4955","699","5642"
"4956","703","5714"
"4957","694","5621"
"4958","695","5655"
"4959","682","5564"
"4960","663","5354"
"4961","668","5457"
"4962","669","5398"
"4963","640","5087"
"4964","669","5321"
"4965","660","5275"
"4966","645","5203"
"4967","662","5183"
"4968","649","5138"
"4969","648","5128"
"4970","629","4861"
"4971","603","4830"
"4972","584","4831"
"4973","680","5492"
"4974","665","5308"
"4975","634","5137"
"4976","655","5046"
"4977","635","5009"
"4978","653","5076"
"4979","577","4634"
"4980","595","4706"
"4981","717","5782"
"4982","707","5625"
"4983","712","5626"
"4984","692","5509"
"4985","701","5559"
"5689","918","7492"
"5690","890","7226"
"5691","893","7223"
"5692","917","7305"
"5693","909","7371"
"5694","919","7421"
"5695","936","7578"
"5696","899","7307"
"5697","910","7343"
"5698","902","7303"
"5699","891","7177"
"5700","895","7221"
"5701","888","7207"
"5702","893","7067"
"5703","899","7076"
"5704","909","7336"
"5705","912","7355"
"5706","897","7213"
"5707","849","6783"
"5708","856","6795"
"5709","861","6774"
"5710","841","6721"
"5711","881","7104"
"5712","875","7076"
"5713","884","7157"
"5714","873","6873"
"5715","904","7261"
"5716","857","6746"
"5717","868","6885"
"5718","843","6697"
"5719","823","6620"
"5720","878","6882"
"5721","847","6775"
"5722","856","6848"
"5723","883","7114"
"5724","848","6821"
"5725","836","6906"
"5726","842","6684"
"5727","829","6631"
"5728","818","6489"
"5729","845","6824"
"5730","854","6865"
"5731","837","6784"
"5732","843","6759"
"5733","828","6704"
"5734","830","6624"
"5735","797","6402"
"5736","798","6500"
"5737","800","6505"
"5738","816","6564"
"5739","793","6383"
"5740","781","6223"
"5741","800","6429"
"5742","791","6376"
"5743","825","6515"
"5744","825","6515"
"5745","831","6681"
"5746","814","6466"
"5747","822","6646"
"5748","810","6451"
"5749","812","6545"
"5750","800","6405"
"5751","784","6301"
"5752","764","6054"
"5753","894","7185"
"5754","879","7200"
"5755","866","7122"
"5756","853","7029"
"5757","829","6840"
"5758","908","7267"
"5759","933","7584"
"5759","933","7584"
"5760","927","7527"
"5761","896","7329"
"5762","911","7393"
"5763","897","7212"
"5764","882","7164"
"5765","900","7171"
"5766","882","6973"
"5767","863","6909"
"5768","860","6781"
"5769","844","6722"
"5770","825","6534"
"5771","838","6599"
"5772","820","6510"
"5773","825","6537"
"5774","817","6864"
"5775","785","6418"
"5776","796","6352"
"5777","796","6408"
"5778","798","6442"
"5779","799","6436"
"5780","789","6338"
"5781","796","6372"
"5782","905","7409"
"5783","897","7277"
"5784","894","7252"
"5785","889","7243"
"5786","876","7174"
"5787","906","7281"
"5788","903","7290"
"5789","864","6938"
"5790","859","6920"
"5791","869","6902"
"5792","854","6744"
"5793","824","6634"
"5794","896","7503"
"5795","810","6599"
"5796","786","6429"
"5797","908","7426"
"6516","218","1938"
"6517","209","1883"
"6518","200","1814"
"6519","193","1759"
"6520","224","1912"
"6521","182","1499"
"6522","228","1909"
"6523","214","2101"
"6524","115","1076"
"6525","113","886"
"6526","121","929"
"6527","75","480"
"6528","216","1973"
"6529","219","2003"
"6530","154","1526"
"6531","200","1463"
"6532","262","1869"
"6533","256","1248"
"6534","175","928"
"6535","199","1452"
"6536","187","982"
"6537","144","795"
"6538","210","1156"
"6539","299","2428"
"6540","130","781"
"6541","159","893"
"6542","165","928"
"6543","183","1003"
"6544","181","991"
"6545","289","2326"
"6546","291","2256"
"6547","264","2182"
"6548","301","2370"
"6549","274","2189"
"6550","245","2225"
"6551","290","2422"
"6552","268","2332"
"6553","178","1397"
"6554","122","607"
"6555","200","1917"
"6556","105","547"
"6557","232","1986"
"6558","210","1983"
"6559","211","1620"
"6560","198","1514"
"6561","224","2075"
"6562","230","1049"
"6563","194","1465"
"6564","206","1953"
"6565","130","628"
"6566","105","497"
"6567","83","375"
"6568","62","304"
"6569","170","1372"
"6570","285","2225"
"6571","155","1261"
"6572","135","681"
"6573","108","561"
"6574","138","795"
"6575","178","819"
"6576","183","843"
"6577","159","1216"
"6578","206","966"
"6579","216","1627"
"6580","256","1154"
"6581","169","788"
"6582","129","607"
"6583","196","1440"
"6584","222","996"
"6585","185","839"
"6586","158","729"
"6587","158","729"
"6588","160","741"
"6589","140","650"
"6590","196","1539"
